#VRML V2.0 utf8
# META "generator" "CAD Exchanger 3.8.1 (cadexchanger.com)"
DEF __1 Transform {
  children [
    DEF ASSEMBLY Group {
      children [
        DEF Base Group {
          children [
            DEF Base_1 Shape {
              appearance DEF __5 Appearance {
                material DEF __6 Material {
                  ambientIntensity 0.66666662693
                  diffuseColor 0.300000011921 0.300000011921 0.300000011921
                  shininess 0
                }
              }
              geometry DEF __7 IndexedFaceSet {
                solid FALSE
                coord Coordinate {
                  point [
                    0.0065 0.0065 0.0003,
                    -0.00325 0.0065 0.0003,
                    0.0065 0.0065 0.0019,
                    0.000990265116017 0.0065 0.0019,
                    0.000990265116017 0.0065 0.0011,
                    -0.000990265116017 0.0065 0.0011,
                    -0.000990265116017 0.0065 0.0019,
                    -0.00325 0.0065 0.0019,
                    -0.0065 0.00325 0.0003,
                    -0.0065 -0.00325 0.0003,
                    -0.00325 -0.0065 0.0003,
                    0.0065 -0.0065 0.0003,
                    -0.0065 0.00325 0.0019,
                    -0.0065 0.000990265116017 0.0019,
                    -0.0065 0.000990265116017 0.0011,
                    0.0065 -0.000990265116017 0.0011,
                    0.0065 0.000990265116017 0.0011,
                    -0.0065 -0.000990265116017 0.0011,
                    -0.000990265116017 -0.0065 0.0011,
                    0.000990265116017 -0.0065 0.0011,
                    0.0065 0.000990265116017 0.0019,
                    0.0065 -0.0065 0.0019,
                    0.0065 -0.000990265116017 0.0019,
                    -0.0065 -0.000990265116017 0.0019,
                    -0.0065 -0.00325 0.0019,
                    -0.00325 -0.0065 0.0019,
                    -0.000990265116017 -0.0065 0.0019,
                    0.000990265116017 -0.0065 0.0019,
                    -0.00200412622982 0.00626211649963 0.0019,
                    -0.00296771093092 0.00586713872603 0.0019,
                    -0.00385684629978 0.00532497526942 0.0019,
                    -0.0046492270863 0.0046492270863 0.0019,
                    -0.00532497526942 0.00385684629978 0.0019,
                    -0.00586713872603 0.00296771093092 0.0019,
                    -0.00626211649963 0.00200412622982 0.0019,
                    -0.00200412622982 0.00626211649963 0.0011,
                    -0.00296771093092 0.00586713872603 0.0011,
                    -0.00385684629978 0.00532497526942 0.0011,
                    -0.0046492270863 0.0046492270863 0.0011,
                    -0.00532497526942 0.00385684629978 0.0011,
                    -0.00586713872603 0.00296771093092 0.0011,
                    -0.00626211649963 0.00200412622982 0.0011,
                    0.00626211649963 0.00200412622982 0.0011,
                    0.00586713872603 0.00296771093092 0.0011,
                    0.00532497526942 0.00385684629978 0.0011,
                    0.0046492270863 0.0046492270863 0.0011,
                    0.00385684629978 0.00532497526942 0.0011,
                    0.00296771093092 0.00586713872603 0.0011,
                    0.00200412622982 0.00626211649963 0.0011,
                    -0.00626211649963 -0.00200412622982 0.0011,
                    -0.00586713872603 -0.00296771093092 0.0011,
                    -0.00532497526942 -0.00385684629978 0.0011,
                    -0.0046492270863 -0.0046492270863 0.0011,
                    -0.00385684629978 -0.00532497526942 0.0011,
                    -0.00296771093092 -0.00586713872603 0.0011,
                    -0.00200412622982 -0.00626211649963 0.0011,
                    0.00200412622982 -0.00626211649963 0.0011,
                    0.00296771093092 -0.00586713872603 0.0011,
                    0.00385684629978 -0.00532497526942 0.0011,
                    0.0046492270863 -0.0046492270863 0.0011,
                    0.00532497526942 -0.00385684629978 0.0011,
                    0.00586713872603 -0.00296771093092 0.0011,
                    0.00626211649963 -0.00200412622982 0.0011,
                    0.00626211649963 0.00200412622982 0.0019,
                    0.00586713872603 0.00296771093092 0.0019,
                    0.00532497526942 0.00385684629978 0.0019,
                    0.0046492270863 0.0046492270863 0.0019,
                    0.00385684629978 0.00532497526942 0.0019,
                    0.00296771093092 0.00586713872603 0.0019,
                    0.00200412622982 0.00626211649963 0.0019,
                    0.00200412622982 -0.00626211649963 0.0019,
                    0.00296771093092 -0.00586713872603 0.0019,
                    0.00385684629978 -0.00532497526942 0.0019,
                    0.0046492270863 -0.0046492270863 0.0019,
                    0.00532497526942 -0.00385684629978 0.0019,
                    0.00586713872603 -0.00296771093092 0.0019,
                    0.00626211649963 -0.00200412622982 0.0019,
                    -0.00626211649963 -0.00200412622982 0.0019,
                    -0.00586713872603 -0.00296771093092 0.0019,
                    -0.00532497526942 -0.00385684629978 0.0019,
                    -0.0046492270863 -0.0046492270863 0.0019,
                    -0.00385684629978 -0.00532497526942 0.0019,
                    -0.00296771093092 -0.00586713872603 0.0019,
                    -0.00200412622982 -0.00626211649963 0.0019

                  ]
                }
                normal Normal {
                  vector [
                    -0 1 -0,
                    -0 1 -0,
                    -0 1 -0,
                    -0 1 -0,
                    -0 1 -0,
                    -0 1 -0,
                    -0 1 -0,
                    -0 1 -0,
                    8.1966404e-34 -0 -1,
                    8.1966404e-34 -0 -1,
                    8.1966404e-34 -0 -1,
                    8.1966404e-34 -0 -1,
                    8.1966404e-34 -0 -1,
                    8.1966404e-34 -0 -1,
                    -0.70710677 0.70710677 -0,
                    -0.70710677 0.70710677 -0,
                    -0.70710677 0.70710677 -0,
                    -0.70710677 0.70710677 -0,
                    -8.1966404e-34 0 1,
                    -8.1966404e-34 0 1,
                    -8.1966404e-34 0 1,
                    -8.1966404e-34 0 1,
                    -8.1966404e-34 0 1,
                    -8.1966404e-34 0 1,
                    -8.1966404e-34 0 1,
                    -8.1966404e-34 0 1,
                    -8.1966404e-34 0 1,
                    -8.1966404e-34 0 1,
                    -8.1966404e-34 0 1,
                    0.98859316 -0.15061067 -0,
                    0.95241314 -0.30481008 -0,
                    0.89234048 -0.45136288 -0,
                    0.80988216 -0.58659261 -0,
                    0.70710677 -0.70710677 -0,
                    0.58659261 -0.80988216 -0,
                    0.45136288 -0.89234048 -0,
                    0.30481008 -0.95241314 -0,
                    0.15061067 -0.98859316 -0,
                    0.15061067 -0.98859316 -0,
                    0.30481008 -0.95241314 -0,
                    0.45136288 -0.89234048 -0,
                    0.58659261 -0.80988216 -0,
                    0.70710677 -0.70710677 -0,
                    0.80988216 -0.58659261 -0,
                    0.89234048 -0.45136288 -0,
                    0.95241314 -0.30481008 -0,
                    0.98859316 -0.15061067 -0,
                    0 0 1,
                    0 0 1,
                    0 0 1,
                    0 0 1,
                    0 0 1,
                    0 0 1,
                    0 0 1,
                    0 0 1,
                    0 0 1,
                    0 0 1,
                    0 0 1,
                    0 0 1,
                    0 0 1,
                    0 0 1,
                    0 0 1,
                    0 0 1,
                    0 0 1,
                    0 0 1,
                    0 0 1,
                    0 0 1,
                    0 0 1,
                    0 0 1,
                    0 0 1,
                    0 0 1,
                    0 0 1,
                    0 0 1,
                    0 0 1,
                    0 0 1,
                    0 0 1,
                    0 0 1,
                    0 0 1,
                    0 0 1,
                    0 0 1,
                    0 0 1,
                    0 0 1,
                    0 0 1,
                    -0.15061067 -0.98859316 -0,
                    -0.30481008 -0.95241314 -0,
                    -0.45136288 -0.89234048 -0,
                    -0.58659261 -0.80988216 -0,
                    -0.70710677 -0.70710677 -0,
                    -0.80988216 -0.58659261 -0,
                    -0.89234048 -0.45136288 -0,
                    -0.95241314 -0.30481008 -0,
                    -0.98859316 -0.15061067 -0,
                    -0.98859316 -0.15061067 -0,
                    -0.95241314 -0.30481008 -0,
                    -0.89234048 -0.45136288 -0,
                    -0.80988216 -0.58659261 -0,
                    -0.70710677 -0.70710677 -0,
                    -0.58659261 -0.80988216 -0,
                    -0.45136288 -0.89234048 -0,
                    -0.30481008 -0.95241314 -0,
                    -0.15061067 -0.98859316 -0,
                    -8.1966404e-34 0 1,
                    -8.1966404e-34 0 1,
                    -8.1966404e-34 0 1,
                    -8.1966404e-34 0 1,
                    -8.1966404e-34 0 1,
                    -8.1966404e-34 0 1,
                    -8.1966404e-34 0 1,
                    -8.1966404e-34 0 1,
                    -8.1966404e-34 0 1,
                    -8.1966404e-34 0 1,
                    1 -0 -0,
                    1 -0 -0,
                    1 -0 -0,
                    1 -0 -0,
                    1 -0 -0,
                    1 -0 -0,
                    1 -0 -0,
                    1 -0 -0,
                    -1 -0 -0,
                    -1 -0 -0,
                    -1 -0 -0,
                    -1 -0 -0,
                    -1 -0 -0,
                    -1 -0 -0,
                    -1 -0 -0,
                    -1 -0 -0,
                    -0.70710677 -0.70710677 -0,
                    -0.70710677 -0.70710677 -0,
                    -0.70710677 -0.70710677 -0,
                    -0.70710677 -0.70710677 -0,
                    -0 -1 -0,
                    -0 -1 -0,
                    -0 -1 -0,
                    -0 -1 -0,
                    -0 -1 -0,
                    -0 -1 -0,
                    -0 -1 -0,
                    -0 -1 -0,
                    -0.98859316 0.15061067 -0,
                    -0.98859316 0.15061067 -0,
                    -0.95241314 0.30481008 -0,
                    -0.89234048 0.45136288 -0,
                    -0.80988216 0.58659261 -0,
                    -0.70710677 0.70710677 -0,
                    -0.58659261 0.80988216 -0,
                    -0.45136288 0.89234048 -0,
                    -0.30481008 0.95241314 -0,
                    -0.15061067 0.98859316 -0,
                    -0.15061067 0.98859316 -0,
                    -0.30481008 0.95241314 -0,
                    -0.45136288 0.89234048 -0,
                    -0.58659261 0.80988216 -0,
                    -0.70710677 0.70710677 -0,
                    -0.80988216 0.58659261 -0,
                    -0.89234048 0.45136288 -0,
                    -0.95241314 0.30481008 -0,
                    0.15061067 0.98859316 -0,
                    0.15061067 0.98859316 -0,
                    0.30481008 0.95241314 -0,
                    0.45136288 0.89234048 -0,
                    0.58659261 0.80988216 -0,
                    0.70710677 0.70710677 -0,
                    0.80988216 0.58659261 -0,
                    0.89234048 0.45136288 -0,
                    0.95241314 0.30481008 -0,
                    0.98859316 0.15061067 -0,
                    0.98859316 0.15061067 -0,
                    0.95241314 0.30481008 -0,
                    0.89234048 0.45136288 -0,
                    0.80988216 0.58659261 -0,
                    0.70710677 0.70710677 -0,
                    0.58659261 0.80988216 -0,
                    0.45136288 0.89234048 -0,
                    0.30481008 0.95241314 -0,
                    -8.1966404e-34 0 1,
                    -8.1966404e-34 0 1,
                    -8.1966404e-34 0 1,
                    -8.1966404e-34 0 1,
                    -8.1966404e-34 0 1,
                    -8.1966404e-34 0 1,
                    -8.1966404e-34 0 1,
                    -8.1966404e-34 0 1,
                    -8.1966404e-34 0 1,
                    -8.1966404e-34 0 1,
                    -8.1966404e-34 0 1,
                    -8.1966404e-34 0 1,
                    -8.1966404e-34 0 1,
                    -8.1966404e-34 0 1,
                    -8.1966404e-34 0 1,
                    -8.1966404e-34 0 1,
                    -8.1966404e-34 0 1,
                    -8.1966404e-34 0 1,
                    -8.1966404e-34 0 1,
                    -8.1966404e-34 0 1,
                    -8.1966404e-34 0 1

                  ]
                }
                coordIndex [
                  2 0 4 -1 
                  4 0 1 -1 
                  4 3 2 -1 
                  5 4 1 -1 
                  7 5 1 -1 
                  7 6 5 -1 
                  10 1 0 -1 
                  9 8 1 -1 
                  10 9 1 -1 
                  11 10 0 -1 
                  12 7 1 -1 
                  8 12 1 -1 
                  32 12 33 -1 
                  31 12 32 -1 
                  7 31 30 -1 
                  6 7 28 -1 
                  7 30 29 -1 
                  7 29 28 -1 
                  12 13 34 -1 
                  12 34 33 -1 
                  7 12 31 -1 
                  34 13 41 -1 
                  33 34 40 -1 
                  32 33 39 -1 
                  31 32 38 -1 
                  30 31 37 -1 
                  29 30 36 -1 
                  28 29 35 -1 
                  6 28 5 -1 
                  35 5 28 -1 
                  36 35 29 -1 
                  37 36 30 -1 
                  38 37 31 -1 
                  39 38 32 -1 
                  40 39 33 -1 
                  41 40 34 -1 
                  14 41 13 -1 
                  42 15 16 -1 
                  43 15 42 -1 
                  44 15 43 -1 
                  45 15 44 -1 
                  46 15 45 -1 
                  47 15 46 -1 
                  48 15 47 -1 
                  4 15 48 -1 
                  5 15 4 -1 
                  35 15 5 -1 
                  36 15 35 -1 
                  37 15 36 -1 
                  38 15 37 -1 
                  39 15 38 -1 
                  40 15 39 -1 
                  41 15 40 -1 
                  14 15 41 -1 
                  17 15 14 -1 
                  49 15 17 -1 
                  50 15 49 -1 
                  51 15 50 -1 
                  52 15 51 -1 
                  53 15 52 -1 
                  54 15 53 -1 
                  55 15 54 -1 
                  18 15 55 -1 
                  19 15 18 -1 
                  56 15 19 -1 
                  57 15 56 -1 
                  58 15 57 -1 
                  59 15 58 -1 
                  60 15 59 -1 
                  61 15 60 -1 
                  62 15 61 -1 
                  67 68 46 -1 
                  66 67 45 -1 
                  65 66 44 -1 
                  64 65 43 -1 
                  63 64 42 -1 
                  20 63 16 -1 
                  48 69 3 -1 
                  47 68 69 -1 
                  42 16 63 -1 
                  43 42 64 -1 
                  44 43 65 -1 
                  45 44 66 -1 
                  46 45 67 -1 
                  47 46 68 -1 
                  48 47 69 -1 
                  4 48 3 -1 
                  69 2 3 -1 
                  68 2 69 -1 
                  67 2 68 -1 
                  66 2 67 -1 
                  65 2 66 -1 
                  64 2 65 -1 
                  63 20 2 -1 
                  63 2 64 -1 
                  21 11 15 -1 
                  15 11 0 -1 
                  15 22 21 -1 
                  16 0 2 -1 
                  16 15 0 -1 
                  2 20 16 -1 
                  12 8 14 -1 
                  14 8 9 -1 
                  14 13 12 -1 
                  17 14 9 -1 
                  24 17 9 -1 
                  24 23 17 -1 
                  25 24 9 -1 
                  10 25 9 -1 
                  18 25 10 -1 
                  19 10 11 -1 
                  18 26 25 -1 
                  19 11 21 -1 
                  19 18 10 -1 
                  21 27 19 -1 
                  76 22 15 -1 
                  62 76 15 -1 
                  61 75 76 -1 
                  60 74 75 -1 
                  59 73 74 -1 
                  58 72 73 -1 
                  57 71 72 -1 
                  56 70 71 -1 
                  19 27 70 -1 
                  56 19 70 -1 
                  57 56 71 -1 
                  58 57 72 -1 
                  59 58 73 -1 
                  60 59 74 -1 
                  61 60 75 -1 
                  62 61 76 -1 
                  83 26 18 -1 
                  55 83 18 -1 
                  54 82 83 -1 
                  53 81 82 -1 
                  52 80 81 -1 
                  51 79 80 -1 
                  50 78 79 -1 
                  49 77 78 -1 
                  17 23 77 -1 
                  49 17 77 -1 
                  50 49 78 -1 
                  51 50 79 -1 
                  52 51 80 -1 
                  53 52 81 -1 
                  54 53 82 -1 
                  55 54 83 -1 
                  76 21 22 -1 
                  75 21 76 -1 
                  74 21 75 -1 
                  73 21 74 -1 
                  72 21 73 -1 
                  71 21 72 -1 
                  70 21 71 -1 
                  27 21 70 -1 
                  81 25 82 -1 
                  80 25 81 -1 
                  24 80 79 -1 
                  23 24 77 -1 
                  24 79 78 -1 
                  24 78 77 -1 
                  25 26 83 -1 
                  25 83 82 -1 
                  24 25 80 -1 
                ]
                normalIndex [
                  2 1 4 -1 
                  4 1 0 -1 
                  4 3 2 -1 
                  5 4 0 -1 
                  7 5 0 -1 
                  7 6 5 -1 
                  12 9 8 -1 
                  11 10 9 -1 
                  12 11 9 -1 
                  13 12 8 -1 
                  16 15 14 -1 
                  17 16 14 -1 
                  21 28 20 -1 
                  22 28 21 -1 
                  27 22 23 -1 
                  26 27 25 -1 
                  27 23 24 -1 
                  27 24 25 -1 
                  28 18 19 -1 
                  28 19 20 -1 
                  27 28 22 -1 
                  30 29 45 -1 
                  31 30 44 -1 
                  32 31 43 -1 
                  33 32 42 -1 
                  34 33 41 -1 
                  35 34 40 -1 
                  36 35 39 -1 
                  37 36 38 -1 
                  39 38 36 -1 
                  40 39 35 -1 
                  41 40 34 -1 
                  42 41 33 -1 
                  43 42 32 -1 
                  44 43 31 -1 
                  45 44 30 -1 
                  46 45 29 -1 
                  49 47 48 -1 
                  50 47 49 -1 
                  51 47 50 -1 
                  52 47 51 -1 
                  53 47 52 -1 
                  54 47 53 -1 
                  55 47 54 -1 
                  56 47 55 -1 
                  57 47 56 -1 
                  58 47 57 -1 
                  59 47 58 -1 
                  60 47 59 -1 
                  61 47 60 -1 
                  62 47 61 -1 
                  63 47 62 -1 
                  64 47 63 -1 
                  65 47 64 -1 
                  66 47 65 -1 
                  67 47 66 -1 
                  68 47 67 -1 
                  69 47 68 -1 
                  70 47 69 -1 
                  71 47 70 -1 
                  72 47 71 -1 
                  73 47 72 -1 
                  74 47 73 -1 
                  75 47 74 -1 
                  76 47 75 -1 
                  77 47 76 -1 
                  78 47 77 -1 
                  79 47 78 -1 
                  80 47 79 -1 
                  81 47 80 -1 
                  82 47 81 -1 
                  86 85 97 -1 
                  87 86 96 -1 
                  88 87 95 -1 
                  89 88 94 -1 
                  90 89 93 -1 
                  91 90 92 -1 
                  99 84 83 -1 
                  98 85 84 -1 
                  93 92 90 -1 
                  94 93 89 -1 
                  95 94 88 -1 
                  96 95 87 -1 
                  97 96 86 -1 
                  98 97 85 -1 
                  99 98 84 -1 
                  100 99 83 -1 
                  104 102 103 -1 
                  105 102 104 -1 
                  106 102 105 -1 
                  107 102 106 -1 
                  108 102 107 -1 
                  109 102 108 -1 
                  110 101 102 -1 
                  110 102 109 -1 
                  113 112 115 -1 
                  115 112 111 -1 
                  115 114 113 -1 
                  116 111 118 -1 
                  116 115 111 -1 
                  118 117 116 -1 
                  121 120 123 -1 
                  123 120 119 -1 
                  123 122 121 -1 
                  124 123 119 -1 
                  126 124 119 -1 
                  126 125 124 -1 
                  129 128 127 -1 
                  130 129 127 -1 
                  135 133 132 -1 
                  136 132 131 -1 
                  135 134 133 -1 
                  136 131 138 -1 
                  136 135 132 -1 
                  138 137 136 -1 
                  141 140 139 -1 
                  156 141 139 -1 
                  155 142 141 -1 
                  154 143 142 -1 
                  153 144 143 -1 
                  152 145 144 -1 
                  151 146 145 -1 
                  150 147 146 -1 
                  149 148 147 -1 
                  150 149 147 -1 
                  151 150 146 -1 
                  152 151 145 -1 
                  153 152 144 -1 
                  154 153 143 -1 
                  155 154 142 -1 
                  156 155 141 -1 
                  159 158 157 -1 
                  174 159 157 -1 
                  173 160 159 -1 
                  172 161 160 -1 
                  171 162 161 -1 
                  170 163 162 -1 
                  169 164 163 -1 
                  168 165 164 -1 
                  167 166 165 -1 
                  168 167 165 -1 
                  169 168 164 -1 
                  170 169 163 -1 
                  171 170 162 -1 
                  172 171 161 -1 
                  173 172 160 -1 
                  174 173 159 -1 
                  177 175 176 -1 
                  178 175 177 -1 
                  179 175 178 -1 
                  180 175 179 -1 
                  181 175 180 -1 
                  182 175 181 -1 
                  183 175 182 -1 
                  184 175 183 -1 
                  188 195 187 -1 
                  189 195 188 -1 
                  194 189 190 -1 
                  193 194 192 -1 
                  194 190 191 -1 
                  194 191 192 -1 
                  195 185 186 -1 
                  195 186 187 -1 
                  194 195 189 -1 
                ]
              }
            }
          ]
        }
        DEF Pin1Fillet Group {
          children [
            DEF Pin1Fillet_1 Shape {
              appearance DEF __10 Appearance {
                material DEF __11 Material {
                  ambientIntensity 0.260947436094
                  diffuseColor 0.73400002718 0.773000001907 0.79699999094
                  shininess 0
                }
              }
              geometry DEF __12 IndexedFaceSet {
                solid FALSE
                coord Coordinate {
                  point [
                    -0.00225 -0.00055 0.00015,
                    -0.00225 -0.00055 0.0003,
                    -0.00225 0.00055 0.00015,
                    -0.00225 0.00055 0.0003,
                    -0.00715 -0.00055 0,
                    -0.0024 -0.00055 -2.77555756156e-20,
                    -0.00715 -0.00055 0.0003,
                    -0.0024 0.00055 -2.77555756156e-20,
                    -0.00715 0.00055 0.0003,
                    -0.00715 0.00055 0,
                    -0.00225227883705 -0.00055 0.00012395277335,
                    -0.00225904610688 -0.00055 9.86969785011e-05,
                    -0.00227009618943 -0.00055 7.5e-05,
                    -0.00228509333353 -0.00055 5.3581858547e-05,
                    -0.00230358185855 -0.00055 3.50933335321e-05,
                    -0.002325 -0.00055 2.00961894323e-05,
                    -0.0023486969785 -0.00055 9.04610688211e-06,
                    -0.00237395277335 -0.00055 2.27883704817e-06,
                    -0.00225227883705 0.00055 0.00012395277335,
                    -0.00225904610688 0.00055 9.86969785011e-05,
                    -0.00227009618943 0.00055 7.5e-05,
                    -0.00228509333353 0.00055 5.3581858547e-05,
                    -0.00230358185855 0.00055 3.50933335321e-05,
                    -0.002325 0.00055 2.00961894323e-05,
                    -0.0023486969785 0.00055 9.04610688211e-06,
                    -0.00237395277335 0.00055 2.27883704817e-06

                  ]
                }
                normal Normal {
                  vector [
                    1 0 0,
                    1 0 0,
                    1 0 0,
                    1 0 0,
                    -0 -1 -0,
                    -0 -1 -0,
                    -0 -1 -0,
                    -0 -1 -0,
                    -0 -1 -0,
                    -0 -1 -0,
                    -0 -1 -0,
                    -0 -1 -0,
                    -0 -1 -0,
                    -0 -1 -0,
                    -0 -1 -0,
                    -0 -1 -0,
                    -0 -1 -0,
                    1 0 0,
                    0.98480773 0 -0.17364818,
                    0.93969262 0 -0.34202015,
                    0.86602539 0 -0.5,
                    0.76604444 0 -0.64278764,
                    0.64278764 0 -0.76604444,
                    0.5 0 -0.86602539,
                    0.34202015 0 -0.93969262,
                    0.17364818 0 -0.98480773,
                    1.0347279e-13 0 -1,
                    -1.0347279e-13 0 -1,
                    0.17364818 0 -0.98480773,
                    0.34202015 0 -0.93969262,
                    0.5 0 -0.86602539,
                    0.64278764 0 -0.76604444,
                    0.76604444 0 -0.64278764,
                    0.86602539 0 -0.5,
                    0.93969262 0 -0.34202015,
                    0.98480773 0 -0.17364818,
                    1 0 0,
                    0 0 1,
                    0 0 1,
                    0 0 1,
                    0 0 1,
                    0 1 0,
                    0 1 0,
                    0 1 0,
                    0 1 0,
                    0 1 0,
                    0 1 0,
                    0 1 0,
                    0 1 0,
                    0 1 0,
                    0 1 0,
                    0 1 0,
                    0 1 0,
                    0 1 0,
                    -0 -0 -1,
                    -0 -0 -1,
                    -0 -0 -1,
                    -0 -0 -1,
                    -1 -0 -0,
                    -1 -0 -0,
                    -1 -0 -0,
                    -1 -0 -0

                  ]
                }
                coordIndex [
                  0 2 1 -1 
                  3 1 2 -1 
                  6 5 1 -1 
                  6 4 5 -1 
                  0 1 5 -1 
                  10 0 5 -1 
                  11 10 5 -1 
                  12 11 5 -1 
                  13 12 5 -1 
                  14 13 5 -1 
                  15 14 5 -1 
                  16 15 5 -1 
                  17 16 5 -1 
                  19 10 11 -1 
                  20 11 12 -1 
                  21 12 13 -1 
                  22 13 14 -1 
                  23 14 15 -1 
                  24 15 16 -1 
                  25 16 17 -1 
                  7 17 5 -1 
                  18 0 10 -1 
                  25 17 7 -1 
                  24 16 25 -1 
                  23 15 24 -1 
                  22 14 23 -1 
                  21 13 22 -1 
                  20 12 21 -1 
                  19 11 20 -1 
                  18 10 19 -1 
                  2 0 18 -1 
                  1 8 6 -1 
                  3 8 1 -1 
                  8 3 7 -1 
                  8 7 9 -1 
                  2 7 3 -1 
                  18 7 2 -1 
                  19 7 18 -1 
                  20 7 19 -1 
                  21 7 20 -1 
                  22 7 21 -1 
                  23 7 22 -1 
                  24 7 23 -1 
                  25 7 24 -1 
                  4 7 5 -1 
                  4 9 7 -1 
                  4 6 9 -1 
                  8 9 6 -1 
                ]
                normalIndex [
                  1 2 0 -1 
                  3 0 2 -1 
                  6 4 7 -1 
                  6 5 4 -1 
                  8 7 4 -1 
                  9 8 4 -1 
                  10 9 4 -1 
                  11 10 4 -1 
                  12 11 4 -1 
                  13 12 4 -1 
                  14 13 4 -1 
                  15 14 4 -1 
                  16 15 4 -1 
                  34 18 19 -1 
                  33 19 20 -1 
                  32 20 21 -1 
                  31 21 22 -1 
                  30 22 23 -1 
                  29 23 24 -1 
                  28 24 25 -1 
                  27 25 26 -1 
                  35 17 18 -1 
                  28 25 27 -1 
                  29 24 28 -1 
                  30 23 29 -1 
                  31 22 30 -1 
                  32 21 31 -1 
                  33 20 32 -1 
                  34 19 33 -1 
                  35 18 34 -1 
                  36 17 35 -1 
                  39 37 38 -1 
                  40 37 39 -1 
                  43 44 41 -1 
                  43 41 42 -1 
                  45 41 44 -1 
                  46 41 45 -1 
                  47 41 46 -1 
                  48 41 47 -1 
                  49 41 48 -1 
                  50 41 49 -1 
                  51 41 50 -1 
                  52 41 51 -1 
                  53 41 52 -1 
                  56 54 57 -1 
                  56 55 54 -1 
                  59 58 60 -1 
                  61 60 58 -1 
                ]
              }
            }
          ]
        }
        DEF Pin2Fillet Group {
          children [
            DEF Pin2Fillet_1 Shape {
              appearance USE __10
              geometry DEF __15 IndexedFaceSet {
                solid FALSE
                coord Coordinate {
                  point [
                    0.00225 -0.00055 0.00015,
                    0.00225 -0.00055 0.0003,
                    0.00225 0.00055 0.00015,
                    0.00225 0.00055 0.0003,
                    0.0024 -0.00055 -2.77555756156e-20,
                    0.00715 -0.00055 0,
                    0.00715 -0.00055 0.0003,
                    0.0024 0.00055 -2.77555756156e-20,
                    0.00715 0.00055 0.0003,
                    0.00715 0.00055 0,
                    0.00225227883705 -0.00055 0.00012395277335,
                    0.00225904610688 -0.00055 9.86969785011e-05,
                    0.00227009618943 -0.00055 7.5e-05,
                    0.00228509333353 -0.00055 5.3581858547e-05,
                    0.00230358185855 -0.00055 3.50933335322e-05,
                    0.002325 -0.00055 2.00961894323e-05,
                    0.0023486969785 -0.00055 9.04610688211e-06,
                    0.00237395277335 -0.00055 2.27883704817e-06,
                    0.00225227883705 0.00055 0.00012395277335,
                    0.00225904610688 0.00055 9.86969785011e-05,
                    0.00227009618943 0.00055 7.5e-05,
                    0.00228509333353 0.00055 5.3581858547e-05,
                    0.00230358185855 0.00055 3.50933335322e-05,
                    0.002325 0.00055 2.00961894323e-05,
                    0.0023486969785 0.00055 9.04610688211e-06,
                    0.00237395277335 0.00055 2.27883704817e-06

                  ]
                }
                normal Normal {
                  vector [
                    -1 -0 -0,
                    -1 -0 -0,
                    -1 -0 -0,
                    -1 -0 -0,
                    -0 -1 -0,
                    -0 -1 -0,
                    -0 -1 -0,
                    -0 -1 -0,
                    -0 -1 -0,
                    -0 -1 -0,
                    -0 -1 -0,
                    -0 -1 -0,
                    -0 -1 -0,
                    -0 -1 -0,
                    -0 -1 -0,
                    -0 -1 -0,
                    -0 -1 -0,
                    -1 0 -2.4980018e-16,
                    -1 0 -2.4980018e-16,
                    -0.98480773 0 -0.17364818,
                    -0.93969262 0 -0.34202015,
                    -0.86602539 0 -0.5,
                    -0.76604444 0 -0.64278764,
                    -0.64278764 0 -0.76604444,
                    -0.5 0 -0.86602539,
                    -0.34202015 0 -0.93969262,
                    -0.17364818 0 -0.98480773,
                    0 0 -1,
                    1.030287e-13 0 -1,
                    -0.17364818 0 -0.98480773,
                    -0.34202015 0 -0.93969262,
                    -0.5 0 -0.86602539,
                    -0.64278764 0 -0.76604444,
                    -0.76604444 0 -0.64278764,
                    -0.86602539 0 -0.5,
                    -0.93969262 0 -0.34202015,
                    -0.98480773 0 -0.17364818,
                    0 0 1,
                    0 0 1,
                    0 0 1,
                    0 0 1,
                    0 1 0,
                    0 1 0,
                    0 1 0,
                    0 1 0,
                    0 1 0,
                    0 1 0,
                    0 1 0,
                    0 1 0,
                    0 1 0,
                    0 1 0,
                    0 1 0,
                    0 1 0,
                    0 1 0,
                    -0 -0 -1,
                    -0 -0 -1,
                    -0 -0 -1,
                    -0 -0 -1,
                    1 0 0,
                    1 0 0,
                    1 0 0,
                    1 0 0

                  ]
                }
                coordIndex [
                  0 1 2 -1 
                  3 2 1 -1 
                  6 4 5 -1 
                  16 17 4 -1 
                  15 16 4 -1 
                  14 15 4 -1 
                  13 14 4 -1 
                  12 13 4 -1 
                  11 12 4 -1 
                  10 11 4 -1 
                  0 10 4 -1 
                  1 4 6 -1 
                  1 0 4 -1 
                  18 0 2 -1 
                  10 0 18 -1 
                  11 18 19 -1 
                  12 19 20 -1 
                  13 20 21 -1 
                  14 21 22 -1 
                  15 22 23 -1 
                  16 23 24 -1 
                  17 24 25 -1 
                  4 25 7 -1 
                  17 25 4 -1 
                  16 24 17 -1 
                  15 23 16 -1 
                  14 22 15 -1 
                  13 21 14 -1 
                  12 20 13 -1 
                  11 19 12 -1 
                  10 18 11 -1 
                  6 3 1 -1 
                  8 3 6 -1 
                  8 9 7 -1 
                  24 7 25 -1 
                  23 7 24 -1 
                  22 7 23 -1 
                  21 7 22 -1 
                  20 7 21 -1 
                  19 7 20 -1 
                  18 7 19 -1 
                  2 7 18 -1 
                  3 8 7 -1 
                  3 7 2 -1 
                  4 9 5 -1 
                  4 7 9 -1 
                  5 9 6 -1 
                  8 6 9 -1 
                ]
                normalIndex [
                  1 0 2 -1 
                  3 2 0 -1 
                  16 5 4 -1 
                  7 6 5 -1 
                  8 7 5 -1 
                  9 8 5 -1 
                  10 9 5 -1 
                  11 10 5 -1 
                  12 11 5 -1 
                  13 12 5 -1 
                  14 13 5 -1 
                  15 5 16 -1 
                  15 14 5 -1 
                  19 17 18 -1 
                  36 17 19 -1 
                  35 19 20 -1 
                  34 20 21 -1 
                  33 21 22 -1 
                  32 22 23 -1 
                  31 23 24 -1 
                  30 24 25 -1 
                  29 25 26 -1 
                  28 26 27 -1 
                  29 26 28 -1 
                  30 25 29 -1 
                  31 24 30 -1 
                  32 23 31 -1 
                  33 22 32 -1 
                  34 21 33 -1 
                  35 20 34 -1 
                  36 19 35 -1 
                  39 37 38 -1 
                  40 37 39 -1 
                  53 41 42 -1 
                  44 42 43 -1 
                  45 42 44 -1 
                  46 42 45 -1 
                  47 42 46 -1 
                  48 42 47 -1 
                  49 42 48 -1 
                  50 42 49 -1 
                  51 42 50 -1 
                  52 53 42 -1 
                  52 42 51 -1 
                  56 54 57 -1 
                  56 55 54 -1 
                  59 60 58 -1 
                  61 58 60 -1 
                ]
              }
            }
          ]
        }
        DEF Fillet Group {
          children [
            DEF Fillet_1 Shape {
              appearance USE __10
              geometry DEF __18 IndexedFaceSet {
                solid FALSE
                coord Coordinate {
                  point [
                    0.00635 0 0.00125,
                    0.00635 0 0.01385,
                    0.0062 0 0.0011,
                    0.0062 0 0.014,
                    0.00625352923163 0.00110266592819 0.01385,
                    0.00596704814199 0.00217182791012 0.01385,
                    0.00549926131403 0.003175 0.01385,
                    0.00486438221381 0.00408170132151 0.01385,
                    0.00408170132151 0.00486438221381 0.01385,
                    0.003175 0.00549926131403 0.01385,
                    0.00217182791012 0.00596704814199 0.01385,
                    0.00110266592819 0.00625352923163 0.01385,
                    3.88825358729e-19 0.00635 0.01385,
                    -0.00110266592819 0.00625352923163 0.01385,
                    -0.00217182791012 0.00596704814199 0.01385,
                    -0.003175 0.00549926131403 0.01385,
                    -0.00408170132151 0.00486438221381 0.01385,
                    -0.00486438221381 0.00408170132151 0.01385,
                    -0.00549926131403 0.003175 0.01385,
                    -0.00596704814199 0.00217182791012 0.01385,
                    -0.00625352923163 0.00110266592819 0.01385,
                    -0.00635 7.77650717459e-19 0.01385,
                    -0.00625352923163 -0.00110266592819 0.01385,
                    -0.00596704814199 -0.00217182791012 0.01385,
                    -0.00549926131403 -0.003175 0.01385,
                    -0.00486438221381 -0.00408170132151 0.01385,
                    -0.00408170132151 -0.00486438221381 0.01385,
                    -0.003175 -0.00549926131403 0.01385,
                    -0.00217182791012 -0.00596704814199 0.01385,
                    -0.00110266592819 -0.00625352923163 0.01385,
                    -1.16647607619e-18 -0.00635 0.01385,
                    0.00110266592819 -0.00625352923163 0.01385,
                    0.00217182791012 -0.00596704814199 0.01385,
                    0.003175 -0.00549926131403 0.01385,
                    0.00408170132151 -0.00486438221381 0.01385,
                    0.00486438221381 -0.00408170132151 0.01385,
                    0.00549926131403 -0.003175 0.01385,
                    0.00596704814199 -0.00217182791012 0.01385,
                    0.00625352923163 -0.00110266592819 0.01385,
                    0.00625352923163 0.00110266592819 0.00125,
                    0.00596704814199 0.00217182791012 0.00125,
                    0.00549926131403 0.003175 0.00125,
                    0.00486438221381 0.00408170132151 0.00125,
                    0.00408170132151 0.00486438221381 0.00125,
                    0.003175 0.00549926131403 0.00125,
                    0.00217182791012 0.00596704814199 0.00125,
                    0.00110266592819 0.00625352923163 0.00125,
                    3.88825358729e-19 0.00635 0.00125,
                    -0.00110266592819 0.00625352923163 0.00125,
                    -0.00217182791012 0.00596704814199 0.00125,
                    -0.003175 0.00549926131403 0.00125,
                    -0.00408170132151 0.00486438221381 0.00125,
                    -0.00486438221381 0.00408170132151 0.00125,
                    -0.00549926131403 0.003175 0.00125,
                    -0.00596704814199 0.00217182791012 0.00125,
                    -0.00625352923163 0.00110266592819 0.00125,
                    -0.00635 7.77650717459e-19 0.00125,
                    -0.00625352923163 -0.00110266592819 0.00125,
                    -0.00596704814199 -0.00217182791012 0.00125,
                    -0.00549926131403 -0.003175 0.00125,
                    -0.00486438221381 -0.00408170132151 0.00125,
                    -0.00408170132151 -0.00486438221381 0.00125,
                    -0.003175 -0.00549926131403 0.00125,
                    -0.00217182791012 -0.00596704814199 0.00125,
                    -0.00110266592819 -0.00625352923163 0.00125,
                    -1.16647607619e-18 -0.00635 0.00125,
                    0.00110266592819 -0.00625352923163 0.00125,
                    0.00217182791012 -0.00596704814199 0.00125,
                    0.003175 -0.00549926131403 0.00125,
                    0.00408170132151 -0.00486438221381 0.00125,
                    0.00486438221381 -0.00408170132151 0.00125,
                    0.00549926131403 -0.003175 0.00125,
                    0.00596704814199 -0.00217182791012 0.00125,
                    0.00625352923163 -0.00110266592819 0.00125,
                    0.00610580806868 0.00107661870153 0.0011,
                    0.00582609424887 0.00212052488862 0.0011,
                    0.00536935750346 0.0031 0.0011,
                    0.00474947554734 0.00398528318006 0.0011,
                    0.00398528318006 0.00474947554734 0.0011,
                    0.0031 0.00536935750346 0.0011,
                    0.00212052488862 0.00582609424887 0.0011,
                    0.00107661870153 0.00610580806868 0.0011,
                    3.79640507736e-19 0.0062 0.0011,
                    -0.00107661870153 0.00610580806868 0.0011,
                    -0.00212052488862 0.00582609424887 0.0011,
                    -0.0031 0.00536935750346 0.0011,
                    -0.00398528318006 0.00474947554734 0.0011,
                    -0.00474947554734 0.00398528318006 0.0011,
                    -0.00536935750346 0.0031 0.0011,
                    -0.00582609424887 0.00212052488862 0.0011,
                    -0.00610580806868 0.00107661870153 0.0011,
                    -0.0062 7.59281015471e-19 0.0011,
                    -0.00610580806868 -0.00107661870153 0.0011,
                    -0.00582609424887 -0.00212052488862 0.0011,
                    -0.00536935750346 -0.0031 0.0011,
                    -0.00474947554734 -0.00398528318006 0.0011,
                    -0.00398528318006 -0.00474947554734 0.0011,
                    -0.0031 -0.00536935750346 0.0011,
                    -0.00212052488862 -0.00582609424887 0.0011,
                    -0.00107661870153 -0.00610580806868 0.0011,
                    -1.13892152321e-18 -0.0062 0.0011,
                    0.00107661870153 -0.00610580806868 0.0011,
                    0.00212052488862 -0.00582609424887 0.0011,
                    0.0031 -0.00536935750346 0.0011,
                    0.00398528318006 -0.00474947554734 0.0011,
                    0.00474947554734 -0.00398528318006 0.0011,
                    0.00536935750346 -0.0031 0.0011,
                    0.00582609424887 -0.00212052488862 0.0011,
                    0.00610580806868 -0.00107661870153 0.0011,
                    0.00634772116295 0 0.00122395277335,
                    0.00634095389312 0 0.0011986969785,
                    0.00632990381057 0 0.001175,
                    0.00631490666647 0 0.00115358185855,
                    0.00629641814145 0 0.00113509333353,
                    0.006275 0 0.00112009618943,
                    0.0062513030215 0 0.00110904610688,
                    0.00622604722665 0 0.00110227883705,
                    0.00634772116295 0 0.0138760472267,
                    0.00634095389312 0 0.0139013030215,
                    0.00632990381057 0 0.013925,
                    0.00631490666647 0 0.0139464181415,
                    0.00629641814145 0 0.0139649066665,
                    0.006275 0 0.0139799038106,
                    0.0062513030215 0 0.0139909538931,
                    0.00622604722665 0 0.013997721163,
                    0.00610580806868 0.00107661870153 0.014,
                    0.00582609424887 0.00212052488862 0.014,
                    0.00536935750346 0.0031 0.014,
                    0.00474947554734 0.00398528318006 0.014,
                    0.00398528318006 0.00474947554734 0.014,
                    0.0031 0.00536935750346 0.014,
                    0.00212052488862 0.00582609424887 0.014,
                    0.00107661870153 0.00610580806868 0.014,
                    3.79640507736e-19 0.0062 0.014,
                    -0.00107661870153 0.00610580806868 0.014,
                    -0.00212052488862 0.00582609424887 0.014,
                    -0.0031 0.00536935750346 0.014,
                    -0.00398528318006 0.00474947554734 0.014,
                    -0.00474947554734 0.00398528318006 0.014,
                    -0.00536935750346 0.0031 0.014,
                    -0.00582609424887 0.00212052488862 0.014,
                    -0.00610580806868 0.00107661870153 0.014,
                    -0.0062 7.59281015471e-19 0.014,
                    -0.00610580806868 -0.00107661870153 0.014,
                    -0.00582609424887 -0.00212052488862 0.014,
                    -0.00536935750346 -0.0031 0.014,
                    -0.00474947554734 -0.00398528318006 0.014,
                    -0.00398528318006 -0.00474947554734 0.014,
                    -0.0031 -0.00536935750346 0.014,
                    -0.00212052488862 -0.00582609424887 0.014,
                    -0.00107661870153 -0.00610580806868 0.014,
                    -1.13892152321e-18 -0.0062 0.014,
                    0.00107661870153 -0.00610580806868 0.014,
                    0.00212052488862 -0.00582609424887 0.014,
                    0.0031 -0.00536935750346 0.014,
                    0.00398528318006 -0.00474947554734 0.014,
                    0.00474947554734 -0.00398528318006 0.014,
                    0.00536935750346 -0.0031 0.014,
                    0.00582609424887 -0.00212052488862 0.014,
                    0.00610580806868 -0.00107661870153 0.014,
                    0.00610956999593 0.00121526903156 0.00110288220794,
                    0.00613716828013 0.00122075867161 0.00111141807012,
                    0.00616260300452 0.00122581795285 0.00112527955815,
                    0.0061848967269 0.00123025244995 0.00114393398282,
                    0.00620319271203 0.00123389174766 0.00116666446505,
                    0.00621678785545 0.00123659598983 0.00119259748515,
                    0.00622515970344 0.00123826125393 0.0012207364517,
                    0.00586397221852 0.00242893682229 0.0012207364517,
                    0.0052774355698 0.00352626971074 0.0012207364517,
                    0.00448809003176 0.00448809003176 0.0012207364517,
                    0.00352626971074 0.0052774355698 0.0012207364517,
                    0.00242893682229 0.00586397221852 0.0012207364517,
                    0.00123826125393 0.00622515970344 0.0012207364517,
                    -6.55101220447e-16 0.00634711779206 0.0012207364517,
                    -0.00123826125393 0.00622515970344 0.0012207364517,
                    -0.00242893682229 0.00586397221852 0.0012207364517,
                    -0.00352626971074 0.0052774355698 0.0012207364517,
                    -0.00448809003176 0.00448809003176 0.0012207364517,
                    -0.0052774355698 0.00352626971074 0.0012207364517,
                    -0.00586397221852 0.00242893682229 0.0012207364517,
                    -0.00622515970344 0.00123826125393 0.0012207364517,
                    -0.00634711779206 -1.31428521845e-15 0.0012207364517,
                    -0.00622515970344 -0.00123826125393 0.0012207364517,
                    -0.00586397221852 -0.00242893682229 0.0012207364517,
                    -0.0052774355698 -0.00352626971074 0.0012207364517,
                    -0.00448809003175 -0.00448809003176 0.0012207364517,
                    -0.00352626971074 -0.0052774355698 0.0012207364517,
                    -0.00242893682229 -0.00586397221852 0.0012207364517,
                    -0.00123826125393 -0.00622515970344 0.0012207364517,
                    1.97065052992e-15 -0.00634711779206 0.0012207364517,
                    0.00123826125393 -0.00622515970344 0.0012207364517,
                    0.00242893682229 -0.00586397221852 0.0012207364517,
                    0.00352626971074 -0.0052774355698 0.0012207364517,
                    0.00448809003176 -0.00448809003175 0.0012207364517,
                    0.0052774355698 -0.00352626971074 0.0012207364517,
                    0.00586397221852 -0.00242893682229 0.0012207364517,
                    0.00622515970344 -0.00123826125392 0.0012207364517,
                    0.00621678785545 -0.00123659598982 0.00119259748515,
                    0.00620319271203 -0.00123389174766 0.00116666446505,
                    0.0061848967269 -0.00123025244994 0.00114393398282,
                    0.00616260300452 -0.00122581795285 0.00112527955815,
                    0.00613716828013 -0.00122075867161 0.00111141807012,
                    0.00610956999593 -0.00121526903156 0.00110288220794,
                    0.0057550890949 -0.00238383595577 0.00110288220794,
                    0.00517944334744 -0.00346079340107 0.00110288220794,
                    0.0044047544968 -0.0044047544968 0.00110288220794,
                    0.00346079340107 -0.00517944334744 0.00110288220794,
                    0.00238383595577 -0.00575508909489 0.00110288220794,
                    0.00121526903156 -0.00610956999593 0.00110288220794,
                    1.93405919264e-15 -0.0062292635483 0.00110288220794,
                    -0.00121526903156 -0.00610956999593 0.00110288220794,
                    -0.00238383595577 -0.0057550890949 0.00110288220794,
                    -0.00346079340107 -0.00517944334744 0.00110288220794,
                    -0.0044047544968 -0.0044047544968 0.00110288220794,
                    -0.00517944334744 -0.00346079340107 0.00110288220794,
                    -0.00575508909489 -0.00238383595577 0.00110288220794,
                    -0.00610956999593 -0.00121526903156 0.00110288220794,
                    -0.0062292635483 -1.2898813716e-15 0.00110288220794,
                    -0.00610956999593 0.00121526903156 0.00110288220794,
                    -0.0057550890949 0.00238383595577 0.00110288220794,
                    -0.00517944334744 0.00346079340107 0.00110288220794,
                    -0.0044047544968 0.0044047544968 0.00110288220794,
                    -0.00346079340107 0.00517944334744 0.00110288220794,
                    -0.00238383595577 0.00575508909489 0.00110288220794,
                    -0.00121526903156 0.00610956999593 0.00110288220794,
                    -6.4293720184e-16 0.0062292635483 0.00110288220794,
                    0.00121526903156 0.00610956999593 0.00110288220794,
                    0.00238383595577 0.0057550890949 0.00110288220794,
                    0.00346079340107 0.00517944334744 0.00110288220794,
                    0.0044047544968 0.0044047544968 0.00110288220794,
                    0.00517944334744 0.00346079340107 0.00110288220794,
                    0.0057550890949 0.00238383595577 0.00110288220794,
                    0.00585608611016 -0.00242567028925 0.00119259748515,
                    0.00527033825978 -0.00352152743979 0.00119259748515,
                    0.00448205426572 -0.00448205426572 0.00119259748515,
                    0.0035215274398 -0.00527033825978 0.00119259748515,
                    0.00242567028925 -0.00585608611016 0.00119259748515,
                    0.00123659598983 -0.00621678785545 0.00119259748515,
                    1.96800031893e-15 -0.00633858192988 0.00119259748515,
                    0.00584327976508 -0.00242036572743 0.00116666446505,
                    0.0052588128537 -0.00351382640966 0.00116666446505,
                    0.00447225271354 -0.00447225271354 0.00116666446505,
                    0.00582604532394 -0.00241322698817 0.00114393398282,
                    0.00524330226646 -0.0035034625666 0.00114393398282,
                    0.00445906204336 -0.00445906204335 0.00114393398282,
                    0.00351382640966 -0.0052588128537 0.00116666446505,
                    0.00242036572744 -0.00584327976508 0.00116666446505,
                    0.00123389174766 -0.00620319271203 0.00116666446505,
                    1.96369660981e-15 -0.00632472044185 0.00116666446505,
                    0.0035034625666 -0.00524330226646 0.00114393398282,
                    0.00241322698818 -0.00582604532393 0.00114393398282,
                    0.00123025244995 -0.0061848967269 0.00114393398282,
                    1.95790479168e-15 -0.00630606601718 0.00114393398282,
                    -0.00123659598982 -0.00621678785545 0.00119259748515,
                    -0.00242567028925 -0.00585608611016 0.00119259748515,
                    -0.00352152743979 -0.00527033825978 0.00119259748515,
                    -0.00448205426572 -0.00448205426572 0.00119259748515,
                    -0.00527033825978 -0.0035215274398 0.00119259748515,
                    -0.00585608611016 -0.00242567028925 0.00119259748515,
                    -0.00621678785545 -0.00123659598983 0.00119259748515,
                    -0.00633858192988 -1.31251771422e-15 0.00119259748515,
                    -0.00123389174766 -0.00620319271203 0.00116666446505,
                    -0.00242036572743 -0.00584327976508 0.00116666446505,
                    -0.00351382640966 -0.0052588128537 0.00116666446505,
                    -0.00447225271354 -0.00447225271354 0.00116666446505,
                    -0.00123025244994 -0.0061848967269 0.00114393398282,
                    -0.00241322698817 -0.00582604532394 0.00114393398282,
                    -0.0035034625666 -0.00524330226646 0.00114393398282,
                    -0.00445906204336 -0.00445906204336 0.00114393398282,
                    -0.0052588128537 -0.00351382640966 0.00116666446505,
                    -0.00584327976508 -0.00242036572744 0.00116666446505,
                    -0.00620319271203 -0.00123389174766 0.00116666446505,
                    -0.00632472044185 -1.30964744311e-15 0.00116666446505,
                    -0.00524330226646 -0.0035034625666 0.00114393398282,
                    -0.00582604532394 -0.00241322698818 0.00114393398282,
                    -0.0061848967269 -0.00123025244995 0.00114393398282,
                    -0.00630606601718 -1.30578470803e-15 0.00114393398282,
                    0.00580504509664 -0.00240452840922 0.00112527955815,
                    0.00522440256122 -0.00349083418729 0.00112527955815,
                    0.00444298916524 -0.00444298916523 0.00112527955815,
                    0.00578108611016 -0.00239460427207 0.00111141807012,
                    0.00520284004305 -0.00347642657327 0.00111141807012,
                    0.00442465175087 -0.00442465175087 0.00111141807012,
                    0.0034908341873 -0.00522440256121 0.00112527955815,
                    0.00240452840922 -0.00580504509664 0.00112527955815,
                    0.00122581795285 -0.00616260300452 0.00112527955815,
                    1.95084744088e-15 -0.00628333553495 0.00112527955815,
                    0.00347642657328 -0.00520284004305 0.00111141807012,
                    0.00239460427208 -0.00578108611016 0.00111141807012,
                    0.00122075867161 -0.00613716828013 0.00111141807012,
                    1.94279576743e-15 -0.00625740251485 0.00111141807012,
                    -0.00122581795285 -0.00616260300452 0.00112527955815,
                    -0.00240452840922 -0.00580504509664 0.00112527955815,
                    -0.00349083418729 -0.00522440256122 0.00112527955815,
                    -0.00444298916523 -0.00444298916524 0.00112527955815,
                    -0.00122075867161 -0.00613716828013 0.00111141807012,
                    -0.00239460427207 -0.00578108611016 0.00111141807012,
                    -0.00347642657327 -0.00520284004305 0.00111141807012,
                    -0.00442465175087 -0.00442465175087 0.00111141807012,
                    -0.00522440256121 -0.0034908341873 0.00112527955815,
                    -0.00580504509664 -0.00240452840922 0.00112527955815,
                    -0.00616260300452 -0.00122581795285 0.00112527955815,
                    -0.00628333553495 -1.30107795171e-15 0.00112527955815,
                    -0.00520284004305 -0.00347642657328 0.00111141807012,
                    -0.00578108611016 -0.00239460427208 0.00111141807012,
                    -0.00613716828013 -0.00122075867161 0.00111141807012,
                    -0.00625740251485 -1.29570805215e-15 0.00111141807012,
                    -0.00621678785545 0.00123659598982 0.00119259748515,
                    -0.00585608611016 0.00242567028925 0.00119259748515,
                    -0.00527033825978 0.00352152743979 0.00119259748515,
                    -0.00448205426572 0.00448205426572 0.00119259748515,
                    -0.0035215274398 0.00527033825978 0.00119259748515,
                    -0.00242567028925 0.00585608611016 0.00119259748515,
                    -0.00123659598983 0.00621678785545 0.00119259748515,
                    -6.54220213678e-16 0.00633858192988 0.00119259748515,
                    -0.00620319271203 0.00123389174766 0.00116666446505,
                    -0.00584327976508 0.00242036572743 0.00116666446505,
                    -0.0052588128537 0.00351382640966 0.00116666446505,
                    -0.00447225271354 0.00447225271354 0.00116666446505,
                    -0.0061848967269 0.00123025244995 0.00114393398282,
                    -0.00582604532394 0.00241322698817 0.00114393398282,
                    -0.00524330226646 0.0035034625666 0.00114393398282,
                    -0.00445906204336 0.00445906204336 0.00114393398282,
                    -0.00351382640966 0.0052588128537 0.00116666446505,
                    -0.00242036572744 0.00584327976508 0.00116666446505,
                    -0.00123389174766 0.00620319271203 0.00116666446505,
                    -6.52789536318e-16 0.00632472044185 0.00116666446505,
                    -0.0035034625666 0.00524330226646 0.00114393398282,
                    -0.00241322698818 0.00582604532394 0.00114393398282,
                    -0.00123025244995 0.0061848967269 0.00114393398282,
                    -6.50864168495e-16 0.00630606601718 0.00114393398282,
                    0.00123659598982 0.00621678785545 0.00119259748515,
                    0.00242567028925 0.00585608611016 0.00119259748515,
                    0.0035215274398 0.00527033825978 0.00119259748515,
                    0.00448205426572 0.00448205426572 0.00119259748515,
                    0.00527033825978 0.0035215274398 0.00119259748515,
                    0.00585608611016 0.00242567028925 0.00119259748515,
                    0.00123389174766 0.00620319271203 0.00116666446505,
                    0.00242036572743 0.00584327976508 0.00116666446505,
                    0.00351382640966 0.0052588128537 0.00116666446505,
                    0.00447225271354 0.00447225271354 0.00116666446505,
                    0.00123025244995 0.0061848967269 0.00114393398282,
                    0.00241322698817 0.00582604532394 0.00114393398282,
                    0.0035034625666 0.00524330226646 0.00114393398282,
                    0.00445906204336 0.00445906204336 0.00114393398282,
                    0.0052588128537 0.00351382640966 0.00116666446505,
                    0.00584327976508 0.00242036572744 0.00116666446505,
                    0.00524330226646 0.0035034625666 0.00114393398282,
                    0.00582604532394 0.00241322698817 0.00114393398282,
                    -0.00616260300452 0.00122581795285 0.00112527955815,
                    -0.00580504509664 0.00240452840922 0.00112527955815,
                    -0.00522440256121 0.00349083418729 0.00112527955815,
                    -0.00444298916524 0.00444298916523 0.00112527955815,
                    -0.00613716828013 0.00122075867161 0.00111141807012,
                    -0.00578108611016 0.00239460427207 0.00111141807012,
                    -0.00520284004305 0.00347642657327 0.00111141807012,
                    -0.00442465175087 0.00442465175087 0.00111141807012,
                    -0.00349083418729 0.00522440256121 0.00112527955815,
                    -0.00240452840922 0.00580504509664 0.00112527955815,
                    -0.00122581795285 0.00616260300452 0.00112527955815,
                    -6.48518101015e-16 0.00628333553495 0.00112527955815,
                    -0.00347642657328 0.00520284004305 0.00111141807012,
                    -0.00239460427208 0.00578108611016 0.00111141807012,
                    -0.00122075867161 0.00613716828013 0.00111141807012,
                    -6.45841491934e-16 0.00625740251485 0.00111141807012,
                    0.00122581795285 0.00616260300452 0.00112527955815,
                    0.00240452840922 0.00580504509664 0.00112527955815,
                    0.00349083418729 0.00522440256121 0.00112527955815,
                    0.00444298916524 0.00444298916524 0.00112527955815,
                    0.00122075867161 0.00613716828013 0.00111141807012,
                    0.00239460427207 0.00578108611016 0.00111141807012,
                    0.00347642657327 0.00520284004305 0.00111141807012,
                    0.00442465175087 0.00442465175087 0.00111141807012,
                    0.00522440256121 0.00349083418729 0.00112527955815,
                    0.00580504509664 0.00240452840922 0.00112527955815,
                    0.00520284004305 0.00347642657328 0.00111141807012,
                    0.00578108611016 0.00239460427207 0.00111141807012,
                    0.00610956999593 -0.00121526903156 0.0139971177921,
                    0.00613716828013 -0.00122075867161 0.0139885819299,
                    0.00616260300452 -0.00122581795285 0.0139747204418,
                    0.0061848967269 -0.00123025244994 0.0139560660172,
                    0.00620319271203 -0.00123389174766 0.013933335535,
                    0.00621678785545 -0.00123659598982 0.0139074025149,
                    0.00622515970344 -0.00123826125392 0.0138792635483,
                    0.00586397221852 -0.00242893682229 0.0138792635483,
                    0.0052774355698 -0.00352626971074 0.0138792635483,
                    0.00448809003176 -0.00448809003175 0.0138792635483,
                    0.00352626971074 -0.0052774355698 0.0138792635483,
                    0.00242893682229 -0.00586397221852 0.0138792635483,
                    0.00123826125393 -0.00622515970344 0.0138792635483,
                    1.97191462095e-15 -0.00634711779206 0.0138792635483,
                    -0.00123826125393 -0.00622515970344 0.0138792635483,
                    -0.00242893682229 -0.00586397221852 0.0138792635483,
                    -0.00352626971074 -0.0052774355698 0.0138792635483,
                    -0.00448809003175 -0.00448809003176 0.0138792635483,
                    -0.0052774355698 -0.00352626971074 0.0138792635483,
                    -0.00586397221852 -0.00242893682229 0.0138792635483,
                    -0.00622515970344 -0.00123826125393 0.0138792635483,
                    -0.00634711779206 -1.31273062295e-15 0.0138792635483,
                    -0.00622515970344 0.00123826125393 0.0138792635483,
                    -0.00586397221852 0.00242893682229 0.0138792635483,
                    -0.0052774355698 0.00352626971074 0.0138792635483,
                    -0.00448809003176 0.00448809003176 0.0138792635483,
                    -0.00352626971074 0.0052774355698 0.0138792635483,
                    -0.00242893682229 0.00586397221852 0.0138792635483,
                    -0.00123826125393 0.00622515970344 0.0138792635483,
                    -6.56365311474e-16 0.00634711779206 0.0138792635483,
                    0.00123826125393 0.00622515970344 0.0138792635483,
                    0.00242893682229 0.00586397221852 0.0138792635483,
                    0.00352626971074 0.0052774355698 0.0138792635483,
                    0.00448809003176 0.00448809003176 0.0138792635483,
                    0.0052774355698 0.00352626971074 0.0138792635483,
                    0.00586397221852 0.00242893682229 0.0138792635483,
                    0.00622515970344 0.00123826125393 0.0138792635483,
                    0.00621678785545 0.00123659598983 0.0139074025149,
                    0.00620319271203 0.00123389174766 0.013933335535,
                    0.0061848967269 0.00123025244995 0.0139560660172,
                    0.00616260300452 0.00122581795285 0.0139747204418,
                    0.00613716828013 0.00122075867161 0.0139885819299,
                    0.00610956999593 0.00121526903156 0.0139971177921,
                    0.0057550890949 0.00238383595577 0.0139971177921,
                    0.00517944334744 0.00346079340107 0.0139971177921,
                    0.0044047544968 0.0044047544968 0.0139971177921,
                    0.00346079340107 0.00517944334744 0.0139971177921,
                    0.00238383595577 0.0057550890949 0.0139971177921,
                    0.00121526903156 0.00610956999593 0.0139971177921,
                    -6.44177821034e-16 0.0062292635483 0.0139971177921,
                    -0.00121526903156 0.00610956999593 0.0139971177921,
                    -0.00238383595577 0.00575508909489 0.0139971177921,
                    -0.00346079340107 0.00517944334744 0.0139971177921,
                    -0.0044047544968 0.0044047544968 0.0139971177921,
                    -0.00517944334744 0.00346079340107 0.0139971177921,
                    -0.0057550890949 0.00238383595577 0.0139971177921,
                    -0.00610956999593 0.00121526903156 0.0139971177921,
                    -0.0062292635483 -1.28835564207e-15 0.0139971177921,
                    -0.00610956999593 -0.00121526903156 0.0139971177921,
                    -0.00575508909489 -0.00238383595577 0.0139971177921,
                    -0.00517944334744 -0.00346079340107 0.0139971177921,
                    -0.0044047544968 -0.0044047544968 0.0139971177921,
                    -0.00346079340107 -0.00517944334744 0.0139971177921,
                    -0.00238383595577 -0.0057550890949 0.0139971177921,
                    -0.00121526903156 -0.00610956999593 0.0139971177921,
                    1.93529981183e-15 -0.0062292635483 0.0139971177921,
                    0.00121526903156 -0.00610956999593 0.0139971177921,
                    0.00238383595577 -0.00575508909489 0.0139971177921,
                    0.00346079340107 -0.00517944334744 0.0139971177921,
                    0.0044047544968 -0.0044047544968 0.0139971177921,
                    0.00517944334744 -0.00346079340107 0.0139971177921,
                    0.0057550890949 -0.00238383595577 0.0139971177921,
                    0.00585608611016 0.00242567028925 0.0139074025149,
                    0.00527033825978 0.0035215274398 0.0139074025149,
                    0.00448205426572 0.00448205426572 0.0139074025149,
                    0.0035215274398 0.00527033825978 0.0139074025149,
                    0.00242567028925 0.00585608611016 0.0139074025149,
                    0.00123659598982 0.00621678785545 0.0139074025149,
                    -6.55482604705e-16 0.00633858192988 0.0139074025149,
                    0.00584327976508 0.00242036572744 0.013933335535,
                    0.0052588128537 0.00351382640966 0.013933335535,
                    0.00447225271354 0.00447225271354 0.013933335535,
                    0.00582604532394 0.00241322698817 0.0139560660172,
                    0.00524330226646 0.0035034625666 0.0139560660172,
                    0.00445906204336 0.00445906204336 0.0139560660172,
                    0.00351382640966 0.0052588128537 0.013933335535,
                    0.00242036572743 0.00584327976508 0.013933335535,
                    0.00123389174766 0.00620319271203 0.013933335535,
                    -6.54049166693e-16 0.00632472044185 0.013933335535,
                    0.0035034625666 0.00524330226646 0.0139560660172,
                    0.00241322698817 0.00582604532394 0.0139560660172,
                    0.00123025244995 0.0061848967269 0.0139560660172,
                    -6.52120083657e-16 0.00630606601718 0.0139560660172,
                    -0.00123659598983 0.00621678785545 0.0139074025149,
                    -0.00242567028925 0.00585608611016 0.0139074025149,
                    -0.0035215274398 0.00527033825978 0.0139074025149,
                    -0.00448205426572 0.00448205426572 0.0139074025149,
                    -0.00527033825978 0.00352152743979 0.0139074025149,
                    -0.00585608611016 0.00242567028925 0.0139074025149,
                    -0.00621678785545 0.00123659598982 0.0139074025149,
                    -0.00633858192988 -1.31096520941e-15 0.0139074025149,
                    -0.00123389174766 0.00620319271203 0.013933335535,
                    -0.00242036572744 0.00584327976508 0.013933335535,
                    -0.00351382640966 0.0052588128537 0.013933335535,
                    -0.00447225271354 0.00447225271354 0.013933335535,
                    -0.00123025244995 0.0061848967269 0.0139560660172,
                    -0.00241322698818 0.00582604532394 0.0139560660172,
                    -0.0035034625666 0.00524330226646 0.0139560660172,
                    -0.00445906204336 0.00445906204336 0.0139560660172,
                    -0.0052588128537 0.00351382640966 0.013933335535,
                    -0.00584327976508 0.00242036572743 0.013933335535,
                    -0.00620319271203 0.00123389174766 0.013933335535,
                    -0.00632472044185 -1.30809833339e-15 0.013933335535,
                    -0.00524330226646 0.0035034625666 0.0139560660172,
                    -0.00582604532394 0.00241322698817 0.0139560660172,
                    -0.0061848967269 0.00123025244995 0.0139560660172,
                    -0.00630606601718 -1.30424016731e-15 0.0139560660172,
                    0.00580504509664 0.00240452840922 0.0139747204418,
                    0.00522440256121 0.00349083418729 0.0139747204418,
                    0.00444298916524 0.00444298916524 0.0139747204418,
                    0.00578108611016 0.00239460427207 0.0139885819299,
                    0.00520284004305 0.00347642657328 0.0139885819299,
                    0.00442465175087 0.00442465175087 0.0139885819299,
                    0.00349083418729 0.00522440256121 0.0139747204418,
                    0.00240452840922 0.00580504509664 0.0139747204418,
                    0.00122581795285 0.00616260300452 0.0139747204418,
                    -6.49769489177e-16 0.00628333553495 0.0139747204418,
                    0.00347642657327 0.00520284004305 0.0139885819299,
                    0.00239460427207 0.00578108611016 0.0139885819299,
                    0.00122075867161 0.00613716828013 0.0139885819299,
                    -6.47087715281e-16 0.00625740251485 0.0139885819299,
                    -0.00122581795285 0.00616260300452 0.0139747204418,
                    -0.00240452840922 0.00580504509664 0.0139747204418,
                    -0.00349083418729 0.00522440256121 0.0139747204418,
                    -0.00444298916524 0.00444298916523 0.0139747204418,
                    -0.00122075867161 0.00613716828013 0.0139885819299,
                    -0.00239460427208 0.00578108611016 0.0139885819299,
                    -0.00347642657328 0.00520284004305 0.0139885819299,
                    -0.00442465175087 0.00442465175087 0.0139885819299,
                    -0.00522440256121 0.00349083418729 0.0139747204418,
                    -0.00580504509664 0.00240452840922 0.0139747204418,
                    -0.00616260300452 0.00122581795285 0.0139747204418,
                    -0.00628333553495 -1.29953897835e-15 0.0139747204418,
                    -0.00520284004305 0.00347642657327 0.0139885819299,
                    -0.00578108611016 0.00239460427207 0.0139885819299,
                    -0.00613716828013 0.00122075867161 0.0139885819299,
                    -0.00625740251485 -1.29417543056e-15 0.0139885819299,
                    -0.00621678785545 -0.00123659598983 0.0139074025149,
                    -0.00585608611016 -0.00242567028925 0.0139074025149,
                    -0.00527033825978 -0.0035215274398 0.0139074025149,
                    -0.00448205426572 -0.00448205426572 0.0139074025149,
                    -0.00352152743979 -0.00527033825978 0.0139074025149,
                    -0.00242567028925 -0.00585608611016 0.0139074025149,
                    -0.00123659598982 -0.00621678785545 0.0139074025149,
                    1.96926270996e-15 -0.00633858192988 0.0139074025149,
                    -0.00620319271203 -0.00123389174766 0.013933335535,
                    -0.00584327976508 -0.00242036572744 0.013933335535,
                    -0.0052588128537 -0.00351382640966 0.013933335535,
                    -0.00447225271354 -0.00447225271354 0.013933335535,
                    -0.0061848967269 -0.00123025244995 0.0139560660172,
                    -0.00582604532394 -0.00241322698818 0.0139560660172,
                    -0.00524330226646 -0.0035034625666 0.0139560660172,
                    -0.00445906204336 -0.00445906204336 0.0139560660172,
                    -0.00351382640966 -0.0052588128537 0.013933335535,
                    -0.00242036572743 -0.00584327976508 0.013933335535,
                    -0.00123389174766 -0.00620319271203 0.013933335535,
                    1.96495624018e-15 -0.00632472044185 0.013933335535,
                    -0.0035034625666 -0.00524330226646 0.0139560660172,
                    -0.00241322698817 -0.00582604532394 0.0139560660172,
                    -0.00123025244994 -0.0061848967269 0.0139560660172,
                    1.95916070685e-15 -0.00630606601718 0.0139560660172,
                    0.00123659598983 -0.00621678785545 0.0139074025149,
                    0.00242567028925 -0.00585608611016 0.0139074025149,
                    0.0035215274398 -0.00527033825978 0.0139074025149,
                    0.00448205426572 -0.00448205426572 0.0139074025149,
                    0.00527033825978 -0.00352152743979 0.0139074025149,
                    0.00585608611016 -0.00242567028925 0.0139074025149,
                    0.00123389174766 -0.00620319271203 0.013933335535,
                    0.00242036572744 -0.00584327976508 0.013933335535,
                    0.00351382640966 -0.0052588128537 0.013933335535,
                    0.00447225271354 -0.00447225271354 0.013933335535,
                    0.00123025244995 -0.0061848967269 0.0139560660172,
                    0.00241322698818 -0.00582604532393 0.0139560660172,
                    0.0035034625666 -0.00524330226646 0.0139560660172,
                    0.00445906204336 -0.00445906204335 0.0139560660172,
                    0.0052588128537 -0.00351382640966 0.013933335535,
                    0.00584327976508 -0.00242036572743 0.013933335535,
                    0.00524330226646 -0.0035034625666 0.0139560660172,
                    0.00582604532394 -0.00241322698817 0.0139560660172,
                    -0.00616260300452 -0.00122581795285 0.0139747204418,
                    -0.00580504509664 -0.00240452840922 0.0139747204418,
                    -0.00522440256121 -0.0034908341873 0.0139747204418,
                    -0.00444298916523 -0.00444298916524 0.0139747204418,
                    -0.00613716828013 -0.00122075867161 0.0139885819299,
                    -0.00578108611016 -0.00239460427208 0.0139885819299,
                    -0.00520284004305 -0.00347642657328 0.0139885819299,
                    -0.00442465175087 -0.00442465175087 0.0139885819299,
                    -0.00349083418729 -0.00522440256122 0.0139747204418,
                    -0.00240452840922 -0.00580504509664 0.0139747204418,
                    -0.00122581795285 -0.00616260300452 0.0139747204418,
                    1.95209882905e-15 -0.00628333553495 0.0139747204418,
                    -0.00347642657327 -0.00520284004305 0.0139885819299,
                    -0.00239460427207 -0.00578108611016 0.0139885819299,
                    -0.00122075867161 -0.00613716828013 0.0139885819299,
                    1.94404199078e-15 -0.00625740251485 0.0139885819299,
                    0.00122581795285 -0.00616260300452 0.0139747204418,
                    0.00240452840922 -0.00580504509664 0.0139747204418,
                    0.0034908341873 -0.00522440256121 0.0139747204418,
                    0.00444298916524 -0.00444298916523 0.0139747204418,
                    0.00122075867161 -0.00613716828013 0.0139885819299,
                    0.00239460427208 -0.00578108611016 0.0139885819299,
                    0.00347642657328 -0.00520284004305 0.0139885819299,
                    0.00442465175087 -0.00442465175087 0.0139885819299,
                    0.00522440256122 -0.00349083418729 0.0139747204418,
                    0.00580504509664 -0.00240452840922 0.0139747204418,
                    0.00520284004305 -0.00347642657327 0.0139885819299,
                    0.00578108611016 -0.00239460427207 0.0139885819299

                  ]
                }
                normal Normal {
                  vector [
                    1 4.1364622e-13 0,
                    1 4.1364622e-13 0,
                    0.98480773 -0.17364818 0,
                    0.93969262 -0.34202015 0,
                    0.86602539 -0.5 0,
                    0.76604444 -0.64278764 0,
                    0.64278764 -0.76604444 0,
                    0.5 -0.86602539 0,
                    0.34202015 -0.93969262 0,
                    0.17364818 -0.98480773 0,
                    -1.8369701e-16 -1 0,
                    -0.17364818 -0.98480773 0,
                    -0.34202015 -0.93969262 0,
                    -0.5 -0.86602539 0,
                    -0.64278764 -0.76604444 0,
                    -0.76604444 -0.64278764 0,
                    -0.86602539 -0.5 0,
                    -0.93969262 -0.34202015 0,
                    -0.98480773 -0.17364818 0,
                    -1 1.2246469e-16 0,
                    -0.98480773 0.17364818 0,
                    -0.93969262 0.34202015 0,
                    -0.86602539 0.5 0,
                    -0.76604444 0.64278764 0,
                    -0.64278764 0.76604444 0,
                    -0.5 0.86602539 0,
                    -0.34202015 0.93969262 0,
                    -0.17364818 0.98480773 0,
                    6.1232343e-17 1 0,
                    0.17364818 0.98480773 0,
                    0.34202015 0.93969262 0,
                    0.5 0.86602539 0,
                    0.64278764 0.76604444 0,
                    0.76604444 0.64278764 0,
                    0.86602539 0.5 0,
                    0.93969262 0.34202015 0,
                    0.98480773 0.17364818 0,
                    1 0 0,
                    1 0 0,
                    0.98480773 0.17364818 0,
                    0.93969262 0.34202015 0,
                    0.86602539 0.5 0,
                    0.76604444 0.64278764 0,
                    0.64278764 0.76604444 0,
                    0.5 0.86602539 0,
                    0.34202015 0.93969262 0,
                    0.17364818 0.98480773 0,
                    6.1232343e-17 1 0,
                    -0.17364818 0.98480773 0,
                    -0.34202015 0.93969262 0,
                    -0.5 0.86602539 0,
                    -0.64278764 0.76604444 0,
                    -0.76604444 0.64278764 0,
                    -0.86602539 0.5 0,
                    -0.93969262 0.34202015 0,
                    -0.98480773 0.17364818 0,
                    -1 1.2246469e-16 0,
                    -0.98480773 -0.17364818 0,
                    -0.93969262 -0.34202015 0,
                    -0.86602539 -0.5 0,
                    -0.76604444 -0.64278764 0,
                    -0.64278764 -0.76604444 0,
                    -0.5 -0.86602539 0,
                    -0.34202015 -0.93969262 0,
                    -0.17364818 -0.98480773 0,
                    -1.8369701e-16 -1 0,
                    0.17364818 -0.98480773 0,
                    0.34202015 -0.93969262 0,
                    0.5 -0.86602539 0,
                    0.64278764 -0.76604444 0,
                    0.76604444 -0.64278764 0,
                    0.86602539 -0.5 0,
                    0.93969262 -0.34202015 0,
                    0.98480773 -0.17364818 0,
                    -1.0066022e-13 -1.0123747e-14 -1,
                    -1.0066022e-13 -1.7763568e-14 -1,
                    -9.4739029e-14 -3.5527137e-14 -1,
                    -8.8817842e-14 -5.0330112e-14 -1,
                    -7.6975461e-14 -6.5133086e-14 -1,
                    -6.5133086e-14 -7.6975461e-14 -1,
                    -5.0330112e-14 -8.8817842e-14 -1,
                    -3.5527137e-14 -9.4739029e-14 -1,
                    -1.6283272e-14 -1.0066022e-13 -1,
                    7.5928101e-15 -1.0066022e-13 -1,
                    1.7763568e-14 -1.0066022e-13 -1,
                    3.5527137e-14 -9.4739029e-14 -1,
                    5.0330112e-14 -8.2896655e-14 -1,
                    6.2172489e-14 -7.6975461e-14 -1,
                    7.6975461e-14 -6.5133086e-14 -1,
                    8.2896655e-14 -5.0330112e-14 -1,
                    9.4739029e-14 -3.5527137e-14 -1,
                    1.0066022e-13 -1.6283272e-14 -1,
                    1.0066022e-13 5.0618736e-15 -1,
                    1.0066022e-13 1.7763568e-14 -1,
                    9.4739029e-14 3.5527137e-14 -1,
                    8.2896655e-14 5.0330112e-14 -1,
                    7.6975461e-14 6.2172489e-14 -1,
                    6.5133086e-14 7.6975461e-14 -1,
                    5.0330112e-14 8.8817842e-14 -1,
                    3.5527137e-14 9.4739029e-14 -1,
                    1.7763568e-14 1.0066022e-13 -1,
                    -2.5309368e-15 1.0066022e-13 -1,
                    -1.6283272e-14 1.0066022e-13 -1,
                    -3.5527137e-14 9.4739029e-14 -1,
                    -5.0330112e-14 8.8817842e-14 -1,
                    -6.2172489e-14 7.6975461e-14 -1,
                    -7.6975461e-14 6.5133086e-14 -1,
                    -8.8817842e-14 5.0330112e-14 -1,
                    -9.4739029e-14 3.5527137e-14 -1,
                    -1.0066022e-13 1.7763568e-14 -1,
                    -1.0066022e-13 0 -1,
                    0.17364818 7.1871444e-14 -0.98480773,
                    0.34202015 1.4155911e-13 -0.93969262,
                    0.5 2.0694557e-13 -0.86602539,
                    0.64278764 2.660441e-13 -0.76604444,
                    0.76604444 3.1705901e-13 -0.64278764,
                    0.86602539 3.5844025e-13 -0.5,
                    0.93969262 3.8893045e-13 -0.34202015,
                    0.98480773 4.076032e-13 -0.17364818,
                    1 4.1389114e-13 0,
                    0.98480773 -0.17364818 0,
                    0.93969262 -0.34202015 0,
                    0.86602539 -0.5 0,
                    0.76604444 -0.64278764 0,
                    0.64278764 -0.76604444 0,
                    0.5 -0.86602539 0,
                    0.34202015 -0.93969262 0,
                    0.17364818 -0.98480773 0,
                    -2.5309368e-15 -1 0,
                    -0.17364818 -0.98480773 0,
                    -0.34202015 -0.93969262 0,
                    -0.5 -0.86602539 0,
                    -0.64278764 -0.76604444 0,
                    -0.76604444 -0.64278764 0,
                    -0.86602539 -0.5 0,
                    -0.93969262 -0.34202015 0,
                    -0.98480773 -0.17364818 0,
                    -1 5.0618736e-15 0,
                    -0.98480773 0.17364818 0,
                    -0.93969262 0.34202015 0,
                    -0.86602539 0.5 0,
                    -0.76604444 0.64278764 0,
                    -0.64278764 0.76604444 0,
                    -0.5 0.86602539 0,
                    -0.34202015 0.93969262 0,
                    -0.17364818 0.98480773 0,
                    7.5928101e-15 1 0,
                    0.17364818 0.98480773 0,
                    0.34202015 0.93969262 0,
                    0.5 0.86602539 0,
                    0.64278764 0.76604444 0,
                    0.76604444 0.64278764 0,
                    0.86602539 0.5 0,
                    0.93969262 0.34202015 0,
                    0.98480773 0.17364818 0,
                    1 -1.0123747e-14 0,
                    0.98480773 -1.0123747e-14 -0.17364818,
                    0.93969262 -1.0123747e-14 -0.34202015,
                    0.86602539 -1.0123747e-14 -0.5,
                    0.76604444 -1.0123747e-14 -0.64278764,
                    0.64278764 -1.0123747e-14 -0.76604444,
                    0.5 -1.0123747e-14 -0.86602539,
                    0.34202015 -1.0123747e-14 -0.93969262,
                    0.17364818 -1.0123747e-14 -0.98480773,
                    0.19134171 0.038060233 -0.98078525,
                    0.37533027 0.074657835 -0.9238795,
                    0.54489511 0.10838638 -0.8314696,
                    0.69351995 0.13794969 -0.70710677,
                    0.81549317 0.16221167 -0.55557024,
                    0.90612745 0.18023996 -0.38268343,
                    0.96193975 0.19134171 -0.19509032,
                    0.90612745 0.37533027 -0.19509032,
                    0.81549317 0.54489511 -0.19509032,
                    0.69351995 0.69351995 -0.19509032,
                    0.54489511 0.81549317 -0.19509032,
                    0.37533027 0.90612745 -0.19509032,
                    0.19134171 0.96193975 -0.19509032,
                    -1.012292e-13 0.98078525 -0.19509032,
                    -0.19134171 0.96193975 -0.19509032,
                    -0.37533027 0.90612745 -0.19509032,
                    -0.54489511 0.81549317 -0.19509032,
                    -0.69351995 0.69351995 -0.19509032,
                    -0.81549317 0.54489511 -0.19509032,
                    -0.90612745 0.37533027 -0.19509032,
                    -0.96193975 0.19134171 -0.19509032,
                    -0.98078525 -2.0308928e-13 -0.19509032,
                    -0.96193975 -0.19134171 -0.19509032,
                    -0.90612745 -0.37533027 -0.19509032,
                    -0.81549317 -0.54489511 -0.19509032,
                    -0.69351995 -0.69351995 -0.19509032,
                    -0.54489511 -0.81549317 -0.19509032,
                    -0.37533027 -0.90612745 -0.19509032,
                    -0.19134171 -0.96193975 -0.19509032,
                    3.0451382e-13 -0.98078525 -0.19509032,
                    0.19134171 -0.96193975 -0.19509032,
                    0.37533027 -0.90612745 -0.19509032,
                    0.54489511 -0.81549317 -0.19509032,
                    0.69351995 -0.69351995 -0.19509032,
                    0.81549317 -0.54489511 -0.19509032,
                    0.90612745 -0.37533027 -0.19509032,
                    0.96193975 -0.19134171 -0.19509032,
                    0.90612745 -0.18023996 -0.38268343,
                    0.81549317 -0.16221167 -0.55557024,
                    0.69351995 -0.13794969 -0.70710677,
                    0.54489511 -0.10838638 -0.8314696,
                    0.37533027 -0.074657835 -0.9238795,
                    0.19134171 -0.038060233 -0.98078525,
                    0.18023996 -0.074657835 -0.98078525,
                    0.16221167 -0.10838638 -0.98078525,
                    0.13794969 -0.13794969 -0.98078525,
                    0.10838638 -0.16221167 -0.98078525,
                    0.074657835 -0.18023996 -0.98078525,
                    0.038060233 -0.19134171 -0.98078525,
                    6.0571563e-14 -0.19509032 -0.98078525,
                    -0.038060233 -0.19134171 -0.98078525,
                    -0.074657835 -0.18023996 -0.98078525,
                    -0.10838638 -0.16221167 -0.98078525,
                    -0.13794969 -0.13794969 -0.98078525,
                    -0.16221167 -0.10838638 -0.98078525,
                    -0.18023996 -0.074657835 -0.98078525,
                    -0.19134171 -0.038060233 -0.98078525,
                    -0.19509032 -4.039697e-14 -0.98078525,
                    -0.19134171 0.038060233 -0.98078525,
                    -0.18023996 0.074657835 -0.98078525,
                    -0.16221167 0.10838638 -0.98078525,
                    -0.13794969 0.13794969 -0.98078525,
                    -0.10838638 0.16221167 -0.98078525,
                    -0.074657835 0.18023996 -0.98078525,
                    -0.038060233 0.19134171 -0.98078525,
                    -2.0135738e-14 0.19509032 -0.98078525,
                    0.038060233 0.19134171 -0.98078525,
                    0.074657835 0.18023996 -0.98078525,
                    0.10838638 0.16221167 -0.98078525,
                    0.13794969 0.13794969 -0.98078525,
                    0.16221167 0.10838638 -0.98078525,
                    0.18023996 0.074657835 -0.98078525,
                    0.85355341 -0.35355338 -0.38268343,
                    0.76817775 -0.51327997 -0.38268343,
                    0.65328151 -0.65328151 -0.38268343,
                    0.51327997 -0.76817775 -0.38268343,
                    0.35355338 -0.85355341 -0.38268343,
                    0.18023996 -0.90612745 -0.38268343,
                    2.8684574e-13 -0.9238795 -0.38268343,
                    0.76817775 -0.31818965 -0.55557024,
                    0.6913417 -0.46193975 -0.55557024,
                    0.58793777 -0.58793777 -0.55557024,
                    0.65328151 -0.27059805 -0.70710677,
                    0.58793777 -0.39284748 -0.70710677,
                    0.5 -0.5 -0.70710677,
                    0.46193975 -0.6913417 -0.55557024,
                    0.31818965 -0.76817775 -0.55557024,
                    0.16221167 -0.81549317 -0.55557024,
                    2.5815434e-13 -0.8314696 -0.55557024,
                    0.39284748 -0.58793777 -0.70710677,
                    0.27059805 -0.65328151 -0.70710677,
                    0.13794969 -0.69351995 -0.70710677,
                    2.1954223e-13 -0.70710677 -0.70710677,
                    -0.18023996 -0.90612745 -0.38268343,
                    -0.35355338 -0.85355341 -0.38268343,
                    -0.51327997 -0.76817775 -0.38268343,
                    -0.65328151 -0.65328151 -0.38268343,
                    -0.76817775 -0.51327997 -0.38268343,
                    -0.85355341 -0.35355338 -0.38268343,
                    -0.90612745 -0.18023996 -0.38268343,
                    -0.9238795 -1.9130591e-13 -0.38268343,
                    -0.16221167 -0.81549317 -0.55557024,
                    -0.31818965 -0.76817775 -0.55557024,
                    -0.46193975 -0.6913417 -0.55557024,
                    -0.58793777 -0.58793777 -0.55557024,
                    -0.13794969 -0.69351995 -0.70710677,
                    -0.27059805 -0.65328151 -0.70710677,
                    -0.39284748 -0.58793777 -0.70710677,
                    -0.5 -0.5 -0.70710677,
                    -0.6913417 -0.46193975 -0.55557024,
                    -0.76817775 -0.31818965 -0.55557024,
                    -0.81549317 -0.16221167 -0.55557024,
                    -0.8314696 -1.7217078e-13 -0.55557024,
                    -0.58793777 -0.39284748 -0.70710677,
                    -0.65328151 -0.27059805 -0.70710677,
                    -0.69351995 -0.13794969 -0.70710677,
                    -0.70710677 -1.4641921e-13 -0.70710677,
                    0.51327997 -0.21260752 -0.8314696,
                    0.46193975 -0.30865827 -0.8314696,
                    0.39284748 -0.39284748 -0.8314696,
                    0.35355338 -0.14644662 -0.9238795,
                    0.31818965 -0.21260752 -0.9238795,
                    0.27059805 -0.27059805 -0.9238795,
                    0.30865827 -0.46193975 -0.8314696,
                    0.21260752 -0.51327997 -0.8314696,
                    0.10838638 -0.54489511 -0.8314696,
                    1.7249322e-13 -0.55557024 -0.8314696,
                    0.21260752 -0.31818965 -0.9238795,
                    0.14644662 -0.35355338 -0.9238795,
                    0.074657835 -0.37533027 -0.9238795,
                    1.188154e-13 -0.38268343 -0.9238795,
                    -0.10838638 -0.54489511 -0.8314696,
                    -0.21260752 -0.51327997 -0.8314696,
                    -0.30865827 -0.46193975 -0.8314696,
                    -0.39284748 -0.39284748 -0.8314696,
                    -0.074657835 -0.37533027 -0.9238795,
                    -0.14644662 -0.35355338 -0.9238795,
                    -0.21260752 -0.31818965 -0.9238795,
                    -0.27059805 -0.27059805 -0.9238795,
                    -0.46193975 -0.30865827 -0.8314696,
                    -0.51327997 -0.21260752 -0.8314696,
                    -0.54489511 -0.10838638 -0.8314696,
                    -0.55557024 -1.1504084e-13 -0.8314696,
                    -0.31818965 -0.21260752 -0.9238795,
                    -0.35355338 -0.14644662 -0.9238795,
                    -0.37533027 -0.074657835 -0.9238795,
                    -0.38268343 -7.9241504e-14 -0.9238795,
                    -0.90612745 0.18023996 -0.38268343,
                    -0.85355341 0.35355338 -0.38268343,
                    -0.76817775 0.51327997 -0.38268343,
                    -0.65328151 0.65328151 -0.38268343,
                    -0.51327997 0.76817775 -0.38268343,
                    -0.35355338 0.85355341 -0.38268343,
                    -0.18023996 0.90612745 -0.38268343,
                    -9.5355818e-14 0.9238795 -0.38268343,
                    -0.81549317 0.16221167 -0.55557024,
                    -0.76817775 0.31818965 -0.55557024,
                    -0.6913417 0.46193975 -0.55557024,
                    -0.58793777 0.58793777 -0.55557024,
                    -0.69351995 0.13794969 -0.70710677,
                    -0.65328151 0.27059805 -0.70710677,
                    -0.58793777 0.39284748 -0.70710677,
                    -0.5 0.5 -0.70710677,
                    -0.46193975 0.6913417 -0.55557024,
                    -0.31818965 0.76817775 -0.55557024,
                    -0.16221167 0.81549317 -0.55557024,
                    -8.581797e-14 0.8314696 -0.55557024,
                    -0.39284748 0.58793777 -0.70710677,
                    -0.27059805 0.65328151 -0.70710677,
                    -0.13794969 0.69351995 -0.70710677,
                    -7.2982182e-14 0.70710677 -0.70710677,
                    0.18023996 0.90612745 -0.38268343,
                    0.35355338 0.85355341 -0.38268343,
                    0.51327997 0.76817775 -0.38268343,
                    0.65328151 0.65328151 -0.38268343,
                    0.76817775 0.51327997 -0.38268343,
                    0.85355341 0.35355338 -0.38268343,
                    0.16221167 0.81549317 -0.55557024,
                    0.31818965 0.76817775 -0.55557024,
                    0.46193975 0.6913417 -0.55557024,
                    0.58793777 0.58793777 -0.55557024,
                    0.13794969 0.69351995 -0.70710677,
                    0.27059805 0.65328151 -0.70710677,
                    0.39284748 0.58793777 -0.70710677,
                    0.5 0.5 -0.70710677,
                    0.6913417 0.46193975 -0.55557024,
                    0.76817775 0.31818965 -0.55557024,
                    0.58793777 0.39284748 -0.70710677,
                    0.65328151 0.27059805 -0.70710677,
                    -0.54489511 0.10838638 -0.8314696,
                    -0.51327997 0.21260752 -0.8314696,
                    -0.46193975 0.30865827 -0.8314696,
                    -0.39284748 0.39284748 -0.8314696,
                    -0.37533027 0.074657835 -0.9238795,
                    -0.35355338 0.14644662 -0.9238795,
                    -0.31818965 0.21260752 -0.9238795,
                    -0.27059805 0.27059805 -0.9238795,
                    -0.30865827 0.46193975 -0.8314696,
                    -0.21260752 0.51327997 -0.8314696,
                    -0.10838638 0.54489511 -0.8314696,
                    -5.7341732e-14 0.55557024 -0.8314696,
                    -0.21260752 0.31818965 -0.9238795,
                    -0.14644662 0.35355338 -0.9238795,
                    -0.074657835 0.37533027 -0.9238795,
                    -3.9497671e-14 0.38268343 -0.9238795,
                    0.10838638 0.54489511 -0.8314696,
                    0.21260752 0.51327997 -0.8314696,
                    0.30865827 0.46193975 -0.8314696,
                    0.39284748 0.39284748 -0.8314696,
                    0.074657835 0.37533027 -0.9238795,
                    0.14644662 0.35355338 -0.9238795,
                    0.21260752 0.31818965 -0.9238795,
                    0.27059805 0.27059805 -0.9238795,
                    0.46193975 0.30865827 -0.8314696,
                    0.51327997 0.21260752 -0.8314696,
                    0.31818965 0.21260752 -0.9238795,
                    0.35355338 0.14644662 -0.9238795,
                    0 0 1,
                    0.17364818 0 0.98480773,
                    0.34202015 0 0.93969262,
                    0.5 0 0.86602539,
                    0.64278764 0 0.76604444,
                    0.76604444 0 0.64278764,
                    0.86602539 0 0.5,
                    0.93969262 0 0.34202015,
                    0.98480773 0 0.17364818,
                    1 0 0,
                    0.98480773 0.17364818 0,
                    0.93969262 0.34202015 0,
                    0.86602539 0.5 0,
                    0.76604444 0.64278764 0,
                    0.64278764 0.76604444 0,
                    0.5 0.86602539 0,
                    0.34202015 0.93969262 0,
                    0.17364818 0.98480773 0,
                    -2.5309368e-15 1 0,
                    -0.17364818 0.98480773 0,
                    -0.34202015 0.93969262 0,
                    -0.5 0.86602539 0,
                    -0.64278764 0.76604444 0,
                    -0.76604444 0.64278764 0,
                    -0.86602539 0.5 0,
                    -0.93969262 0.34202015 0,
                    -0.98480773 0.17364818 0,
                    -1 -5.0618736e-15 0,
                    -0.98480773 -0.17364818 0,
                    -0.93969262 -0.34202015 0,
                    -0.86602539 -0.5 0,
                    -0.76604444 -0.64278764 0,
                    -0.64278764 -0.76604444 0,
                    -0.5 -0.86602539 0,
                    -0.34202015 -0.93969262 0,
                    -0.17364818 -0.98480773 0,
                    7.5928101e-15 -1 0,
                    0.17364818 -0.98480773 0,
                    0.34202015 -0.93969262 0,
                    0.5 -0.86602539 0,
                    0.64278764 -0.76604444 0,
                    0.76604444 -0.64278764 0,
                    0.86602539 -0.5 0,
                    0.93969262 -0.34202015 0,
                    0.98480773 -0.17364818 0,
                    1 1.0123747e-14 0,
                    0.98480773 4.07362e-13 0.17364818,
                    0.93969262 3.887003e-13 0.34202015,
                    0.86602539 3.5822812e-13 0.5,
                    0.76604444 3.1687139e-13 0.64278764,
                    0.64278764 2.6588665e-13 0.76604444,
                    0.5 2.0682311e-13 0.86602539,
                    0.34202015 1.4147533e-13 0.93969262,
                    0.17364818 7.1828909e-14 0.98480773,
                    0 0 1,
                    -1.0066022e-13 1.7763568e-14 1,
                    -9.4739029e-14 3.2566543e-14 1,
                    -8.8817842e-14 5.0330112e-14 1,
                    -7.6975461e-14 6.5133086e-14 1,
                    -6.5133086e-14 7.6975461e-14 1,
                    -5.0330112e-14 8.8817842e-14 1,
                    -3.5527137e-14 9.4739029e-14 1,
                    -1.6283272e-14 1.0066022e-13 1,
                    7.5928101e-15 1.0066022e-13 1,
                    1.7763568e-14 1.0066022e-13 1,
                    3.5527137e-14 9.4739029e-14 1,
                    5.0330112e-14 8.8817842e-14 1,
                    6.2172489e-14 7.6975461e-14 1,
                    7.6975461e-14 6.5133086e-14 1,
                    8.2896655e-14 5.0330112e-14 1,
                    9.4739029e-14 3.5527137e-14 1,
                    1.0066022e-13 1.7763568e-14 1,
                    1.0066022e-13 -5.0618736e-15 1,
                    1.0066022e-13 -1.7763568e-14 1,
                    9.4739029e-14 -3.5527137e-14 1,
                    8.2896655e-14 -5.0330112e-14 1,
                    7.6975461e-14 -6.2172489e-14 1,
                    6.5133086e-14 -7.6975461e-14 1,
                    5.0330112e-14 -8.2896655e-14 1,
                    3.2566543e-14 -9.4739029e-14 1,
                    1.7763568e-14 -1.0066022e-13 1,
                    -2.5309368e-15 -1.0066022e-13 1,
                    -1.7763568e-14 -1.0066022e-13 1,
                    -3.5527137e-14 -9.4739029e-14 1,
                    -5.0330112e-14 -8.8817842e-14 1,
                    -6.5133086e-14 -7.6975461e-14 1,
                    -7.6975461e-14 -6.5133086e-14 1,
                    -8.2896655e-14 -5.0330112e-14 1,
                    -9.4739029e-14 -3.2566543e-14 1,
                    -1.0066022e-13 -1.7763568e-14 1,
                    0.19134171 -0.038060233 0.98078525,
                    0.37533027 -0.074657835 0.9238795,
                    0.54489511 -0.10838638 0.8314696,
                    0.69351995 -0.13794969 0.70710677,
                    0.81549317 -0.16221167 0.55557024,
                    0.90612745 -0.18023996 0.38268343,
                    0.96193975 -0.19134171 0.19509032,
                    0.90612745 -0.37533027 0.19509032,
                    0.81549317 -0.54489511 0.19509032,
                    0.69351995 -0.69351995 0.19509032,
                    0.54489511 -0.81549317 0.19509032,
                    0.37533027 -0.90612745 0.19509032,
                    0.19134171 -0.96193975 0.19509032,
                    3.0470914e-13 -0.98078525 0.19509032,
                    -0.19134171 -0.96193975 0.19509032,
                    -0.37533027 -0.90612745 0.19509032,
                    -0.54489511 -0.81549317 0.19509032,
                    -0.69351995 -0.69351995 0.19509032,
                    -0.81549317 -0.54489511 0.19509032,
                    -0.90612745 -0.37533027 0.19509032,
                    -0.96193975 -0.19134171 0.19509032,
                    -0.98078525 -2.0284906e-13 0.19509032,
                    -0.96193975 0.19134171 0.19509032,
                    -0.90612745 0.37533027 0.19509032,
                    -0.81549317 0.54489511 0.19509032,
                    -0.69351995 0.69351995 0.19509032,
                    -0.54489511 0.81549317 0.19509032,
                    -0.37533027 0.90612745 0.19509032,
                    -0.19134171 0.96193975 0.19509032,
                    -1.0142453e-13 0.98078525 0.19509032,
                    0.19134171 0.96193975 0.19509032,
                    0.37533027 0.90612745 0.19509032,
                    0.54489511 0.81549317 0.19509032,
                    0.69351995 0.69351995 0.19509032,
                    0.81549317 0.54489511 0.19509032,
                    0.90612745 0.37533027 0.19509032,
                    0.96193975 0.19134171 0.19509032,
                    0.90612745 0.18023996 0.38268343,
                    0.81549317 0.16221167 0.55557024,
                    0.69351995 0.13794969 0.70710677,
                    0.54489511 0.10838638 0.8314696,
                    0.37533027 0.074657835 0.9238795,
                    0.19134171 0.038060233 0.98078525,
                    0.18023996 0.074657835 0.98078525,
                    0.16221167 0.10838638 0.98078525,
                    0.13794969 0.13794969 0.98078525,
                    0.10838638 0.16221167 0.98078525,
                    0.074657835 0.18023996 0.98078525,
                    0.038060233 0.19134171 0.98078525,
                    -2.0174593e-14 0.19509032 0.98078525,
                    -0.038060233 0.19134171 0.98078525,
                    -0.074657835 0.18023996 0.98078525,
                    -0.10838638 0.16221167 0.98078525,
                    -0.13794969 0.13794969 0.98078525,
                    -0.16221167 0.10838638 0.98078525,
                    -0.18023996 0.074657835 0.98078525,
                    -0.19134171 0.038060233 0.98078525,
                    -0.19509032 -4.0349187e-14 0.98078525,
                    -0.19134171 -0.038060233 0.98078525,
                    -0.18023996 -0.074657835 0.98078525,
                    -0.16221167 -0.10838638 0.98078525,
                    -0.13794969 -0.13794969 0.98078525,
                    -0.10838638 -0.16221167 0.98078525,
                    -0.074657835 -0.18023996 0.98078525,
                    -0.038060233 -0.19134171 0.98078525,
                    6.0610418e-14 -0.19509032 0.98078525,
                    0.038060233 -0.19134171 0.98078525,
                    0.074657835 -0.18023996 0.98078525,
                    0.10838638 -0.16221167 0.98078525,
                    0.13794969 -0.13794969 0.98078525,
                    0.16221167 -0.10838638 0.98078525,
                    0.18023996 -0.074657835 0.98078525,
                    0.85355341 0.35355338 0.38268343,
                    0.76817775 0.51327997 0.38268343,
                    0.65328151 0.65328151 0.38268343,
                    0.51327997 0.76817775 0.38268343,
                    0.35355338 0.85355341 0.38268343,
                    0.18023996 0.90612745 0.38268343,
                    -9.5539821e-14 0.9238795 0.38268343,
                    0.76817775 0.31818965 0.55557024,
                    0.6913417 0.46193975 0.55557024,
                    0.58793777 0.58793777 0.55557024,
                    0.65328151 0.27059805 0.70710677,
                    0.58793777 0.39284748 0.70710677,
                    0.5 0.5 0.70710677,
                    0.46193975 0.6913417 0.55557024,
                    0.31818965 0.76817775 0.55557024,
                    0.16221167 0.81549317 0.55557024,
                    -8.5983561e-14 0.8314696 0.55557024,
                    0.39284748 0.58793777 0.70710677,
                    0.27059805 0.65328151 0.70710677,
                    0.13794969 0.69351995 0.70710677,
                    -7.3123013e-14 0.70710677 0.70710677,
                    -0.18023996 0.90612745 0.38268343,
                    -0.35355338 0.85355341 0.38268343,
                    -0.51327997 0.76817775 0.38268343,
                    -0.65328151 0.65328151 0.38268343,
                    -0.76817775 0.51327997 0.38268343,
                    -0.85355341 0.35355338 0.38268343,
                    -0.90612745 0.18023996 0.38268343,
                    -0.9238795 -1.9107964e-13 0.38268343,
                    -0.16221167 0.81549317 0.55557024,
                    -0.31818965 0.76817775 0.55557024,
                    -0.46193975 0.6913417 0.55557024,
                    -0.58793777 0.58793777 0.55557024,
                    -0.13794969 0.69351995 0.70710677,
                    -0.27059805 0.65328151 0.70710677,
                    -0.39284748 0.58793777 0.70710677,
                    -0.5 0.5 0.70710677,
                    -0.6913417 0.46193975 0.55557024,
                    -0.76817775 0.31818965 0.55557024,
                    -0.81549317 0.16221167 0.55557024,
                    -0.8314696 -1.7196712e-13 0.55557024,
                    -0.58793777 0.39284748 0.70710677,
                    -0.65328151 0.27059805 0.70710677,
                    -0.69351995 0.13794969 0.70710677,
                    -0.70710677 -1.4624603e-13 0.70710677,
                    0.51327997 0.21260752 0.8314696,
                    0.46193975 0.30865827 0.8314696,
                    0.39284748 0.39284748 0.8314696,
                    0.35355338 0.14644662 0.9238795,
                    0.31818965 0.21260752 0.9238795,
                    0.27059805 0.27059805 0.9238795,
                    0.30865827 0.46193975 0.8314696,
                    0.21260752 0.51327997 0.8314696,
                    0.10838638 0.54489511 0.8314696,
                    -5.7452381e-14 0.55557024 0.8314696,
                    0.21260752 0.31818965 0.9238795,
                    0.14644662 0.35355338 0.9238795,
                    0.074657835 0.37533027 0.9238795,
                    -3.9573888e-14 0.38268343 0.9238795,
                    -0.10838638 0.54489511 0.8314696,
                    -0.21260752 0.51327997 0.8314696,
                    -0.30865827 0.46193975 0.8314696,
                    -0.39284748 0.39284748 0.8314696,
                    -0.074657835 0.37533027 0.9238795,
                    -0.14644662 0.35355338 0.9238795,
                    -0.21260752 0.31818965 0.9238795,
                    -0.27059805 0.27059805 0.9238795,
                    -0.46193975 0.30865827 0.8314696,
                    -0.51327997 0.21260752 0.8314696,
                    -0.54489511 0.10838638 0.8314696,
                    -0.55557024 -1.1490476e-13 0.8314696,
                    -0.31818965 0.21260752 0.9238795,
                    -0.35355338 0.14644662 0.9238795,
                    -0.37533027 0.074657835 0.9238795,
                    -0.38268343 -7.9147775e-14 0.9238795,
                    -0.90612745 -0.18023996 0.38268343,
                    -0.85355341 -0.35355338 0.38268343,
                    -0.76817775 -0.51327997 0.38268343,
                    -0.65328151 -0.65328151 0.38268343,
                    -0.51327997 -0.76817775 0.38268343,
                    -0.35355338 -0.85355341 0.38268343,
                    -0.18023996 -0.90612745 0.38268343,
                    2.8702973e-13 -0.9238795 0.38268343,
                    -0.81549317 -0.16221167 0.55557024,
                    -0.76817775 -0.31818965 0.55557024,
                    -0.6913417 -0.46193975 0.55557024,
                    -0.58793777 -0.58793777 0.55557024,
                    -0.69351995 -0.13794969 0.70710677,
                    -0.65328151 -0.27059805 0.70710677,
                    -0.58793777 -0.39284748 0.70710677,
                    -0.5 -0.5 0.70710677,
                    -0.46193975 -0.6913417 0.55557024,
                    -0.31818965 -0.76817775 0.55557024,
                    -0.16221167 -0.81549317 0.55557024,
                    2.5831995e-13 -0.8314696 0.55557024,
                    -0.39284748 -0.58793777 0.70710677,
                    -0.27059805 -0.65328151 0.70710677,
                    -0.13794969 -0.69351995 0.70710677,
                    2.1968305e-13 -0.70710677 0.70710677,
                    0.18023996 -0.90612745 0.38268343,
                    0.35355338 -0.85355341 0.38268343,
                    0.51327997 -0.76817775 0.38268343,
                    0.65328151 -0.65328151 0.38268343,
                    0.76817775 -0.51327997 0.38268343,
                    0.85355341 -0.35355338 0.38268343,
                    0.16221167 -0.81549317 0.55557024,
                    0.31818965 -0.76817775 0.55557024,
                    0.46193975 -0.6913417 0.55557024,
                    0.58793777 -0.58793777 0.55557024,
                    0.13794969 -0.69351995 0.70710677,
                    0.27059805 -0.65328151 0.70710677,
                    0.39284748 -0.58793777 0.70710677,
                    0.5 -0.5 0.70710677,
                    0.6913417 -0.46193975 0.55557024,
                    0.76817775 -0.31818965 0.55557024,
                    0.58793777 -0.39284748 0.70710677,
                    0.65328151 -0.27059805 0.70710677,
                    -0.54489511 -0.10838638 0.8314696,
                    -0.51327997 -0.21260752 0.8314696,
                    -0.46193975 -0.30865827 0.8314696,
                    -0.39284748 -0.39284748 0.8314696,
                    -0.37533027 -0.074657835 0.9238795,
                    -0.35355338 -0.14644662 0.9238795,
                    -0.31818965 -0.21260752 0.9238795,
                    -0.27059805 -0.27059805 0.9238795,
                    -0.30865827 -0.46193975 0.8314696,
                    -0.21260752 -0.51327997 0.8314696,
                    -0.10838638 -0.54489511 0.8314696,
                    1.7260386e-13 -0.55557024 0.8314696,
                    -0.21260752 -0.31818965 0.9238795,
                    -0.14644662 -0.35355338 0.9238795,
                    -0.074657835 -0.37533027 0.9238795,
                    1.188916e-13 -0.38268343 0.9238795,
                    0.10838638 -0.54489511 0.8314696,
                    0.21260752 -0.51327997 0.8314696,
                    0.30865827 -0.46193975 0.8314696,
                    0.39284748 -0.39284748 0.8314696,
                    0.074657835 -0.37533027 0.9238795,
                    0.14644662 -0.35355338 0.9238795,
                    0.21260752 -0.31818965 0.9238795,
                    0.27059805 -0.27059805 0.9238795,
                    0.46193975 -0.30865827 0.8314696,
                    0.51327997 -0.21260752 0.8314696,
                    0.31818965 -0.21260752 0.9238795,
                    0.35355338 -0.14644662 0.9238795,
                    -0 -0 -1,
                    -0 -0 -1,
                    -0 -0 -1,
                    -0 -0 -1,
                    -0 -0 -1,
                    -0 -0 -1,
                    -0 -0 -1,
                    -0 -0 -1,
                    -0 -0 -1,
                    -0 -0 -1,
                    -0 -0 -1,
                    -0 -0 -1,
                    -0 -0 -1,
                    -0 -0 -1,
                    -0 -0 -1,
                    -0 -0 -1,
                    -0 -0 -1,
                    -0 -0 -1,
                    -0 -0 -1,
                    -0 -0 -1,
                    -0 -0 -1,
                    -0 -0 -1,
                    -0 -0 -1,
                    -0 -0 -1,
                    -0 -0 -1,
                    -0 -0 -1,
                    -0 -0 -1,
                    -0 -0 -1,
                    -0 -0 -1,
                    -0 -0 -1,
                    -0 -0 -1,
                    -0 -0 -1,
                    -0 -0 -1,
                    -0 -0 -1,
                    -0 -0 -1,
                    -0 -0 -1,
                    0 0 1,
                    0 0 1,
                    0 0 1,
                    0 0 1,
                    0 0 1,
                    0 0 1,
                    0 0 1,
                    0 0 1,
                    0 0 1,
                    0 0 1,
                    0 0 1,
                    0 0 1,
                    0 0 1,
                    0 0 1,
                    0 0 1,
                    0 0 1,
                    0 0 1,
                    0 0 1,
                    0 0 1,
                    0 0 1,
                    0 0 1,
                    0 0 1,
                    0 0 1,
                    0 0 1,
                    0 0 1,
                    0 0 1,
                    0 0 1,
                    0 0 1,
                    0 0 1,
                    0 0 1,
                    0 0 1,
                    0 0 1,
                    0 0 1,
                    0 0 1,
                    0 0 1,
                    0 0 1

                  ]
                }
                coordIndex [
                  38 0 1 -1 
                  73 38 72 -1 
                  71 36 70 -1 
                  69 34 68 -1 
                  67 32 66 -1 
                  65 30 64 -1 
                  63 28 62 -1 
                  61 26 60 -1 
                  59 24 58 -1 
                  57 22 56 -1 
                  55 20 54 -1 
                  53 18 52 -1 
                  51 16 50 -1 
                  49 14 48 -1 
                  47 12 46 -1 
                  45 10 44 -1 
                  43 8 42 -1 
                  41 6 40 -1 
                  39 4 0 -1 
                  55 21 20 -1 
                  54 20 19 -1 
                  53 19 18 -1 
                  52 18 17 -1 
                  51 17 16 -1 
                  50 16 15 -1 
                  49 15 14 -1 
                  48 14 13 -1 
                  47 13 12 -1 
                  46 12 11 -1 
                  45 11 10 -1 
                  44 10 9 -1 
                  43 9 8 -1 
                  42 8 7 -1 
                  41 7 6 -1 
                  40 6 5 -1 
                  39 5 4 -1 
                  0 4 1 -1 
                  40 5 39 -1 
                  56 22 21 -1 
                  42 7 41 -1 
                  57 23 22 -1 
                  44 9 43 -1 
                  58 24 23 -1 
                  46 11 45 -1 
                  59 25 24 -1 
                  48 13 47 -1 
                  60 26 25 -1 
                  50 15 49 -1 
                  61 27 26 -1 
                  52 17 51 -1 
                  62 28 27 -1 
                  54 19 53 -1 
                  63 29 28 -1 
                  56 21 55 -1 
                  64 30 29 -1 
                  58 23 57 -1 
                  65 31 30 -1 
                  60 25 59 -1 
                  66 32 31 -1 
                  62 27 61 -1 
                  67 33 32 -1 
                  64 29 63 -1 
                  68 34 33 -1 
                  66 31 65 -1 
                  69 35 34 -1 
                  68 33 67 -1 
                  70 36 35 -1 
                  70 35 69 -1 
                  71 37 36 -1 
                  72 37 71 -1 
                  72 38 37 -1 
                  73 0 38 -1 
                  116 2 74 -1 
                  231 76 230 -1 
                  223 85 222 -1 
                  222 86 221 -1 
                  221 87 220 -1 
                  220 88 219 -1 
                  91 217 90 -1 
                  215 94 214 -1 
                  213 96 212 -1 
                  211 98 210 -1 
                  100 209 99 -1 
                  206 104 205 -1 
                  203 106 107 -1 
                  116 108 2 -1 
                  205 105 204 -1 
                  202 108 116 -1 
                  207 103 206 -1 
                  204 105 106 -1 
                  204 106 203 -1 
                  212 97 211 -1 
                  214 95 213 -1 
                  219 89 218 -1 
                  197 111 110 -1 
                  82 225 81 -1 
                  73 109 0 -1 
                  227 80 226 -1 
                  196 109 73 -1 
                  116 74 160 -1 
                  198 112 111 -1 
                  198 111 197 -1 
                  208 102 207 -1 
                  209 101 208 -1 
                  210 99 209 -1 
                  188 64 63 -1 
                  216 93 215 -1 
                  217 92 216 -1 
                  218 90 217 -1 
                  180 55 54 -1 
                  224 84 223 -1 
                  225 83 224 -1 
                  226 81 225 -1 
                  172 46 45 -1 
                  228 79 227 -1 
                  167 41 40 -1 
                  109 39 0 -1 
                  166 39 109 -1 
                  168 42 41 -1 
                  168 41 167 -1 
                  169 42 168 -1 
                  231 75 76 -1 
                  160 74 75 -1 
                  116 160 115 -1 
                  162 113 114 -1 
                  161 114 115 -1 
                  163 112 113 -1 
                  161 115 160 -1 
                  164 111 112 -1 
                  162 114 161 -1 
                  165 110 111 -1 
                  163 113 162 -1 
                  167 40 166 -1 
                  164 112 163 -1 
                  166 109 110 -1 
                  165 111 164 -1 
                  166 40 39 -1 
                  166 110 165 -1 
                  169 43 42 -1 
                  170 44 43 -1 
                  171 45 44 -1 
                  173 47 46 -1 
                  170 43 169 -1 
                  173 48 47 -1 
                  171 44 170 -1 
                  174 49 48 -1 
                  172 45 171 -1 
                  175 50 49 -1 
                  173 46 172 -1 
                  176 51 50 -1 
                  174 48 173 -1 
                  177 52 51 -1 
                  175 49 174 -1 
                  178 53 52 -1 
                  176 50 175 -1 
                  179 54 53 -1 
                  177 51 176 -1 
                  181 56 55 -1 
                  178 52 177 -1 
                  181 57 56 -1 
                  179 53 178 -1 
                  182 58 57 -1 
                  180 54 179 -1 
                  183 59 58 -1 
                  181 55 180 -1 
                  184 60 59 -1 
                  182 57 181 -1 
                  185 61 60 -1 
                  183 58 182 -1 
                  186 62 61 -1 
                  184 59 183 -1 
                  187 63 62 -1 
                  185 60 184 -1 
                  189 65 64 -1 
                  186 61 185 -1 
                  189 66 65 -1 
                  187 62 186 -1 
                  190 67 66 -1 
                  188 63 187 -1 
                  191 68 67 -1 
                  189 64 188 -1 
                  192 69 68 -1 
                  190 66 189 -1 
                  193 70 69 -1 
                  191 67 190 -1 
                  194 71 70 -1 
                  192 68 191 -1 
                  195 72 71 -1 
                  193 69 192 -1 
                  197 110 196 -1 
                  194 70 193 -1 
                  196 73 72 -1 
                  195 71 194 -1 
                  196 110 109 -1 
                  196 72 195 -1 
                  199 113 112 -1 
                  200 114 113 -1 
                  201 115 114 -1 
                  199 112 198 -1 
                  203 107 202 -1 
                  200 113 199 -1 
                  202 116 115 -1 
                  201 114 200 -1 
                  202 107 108 -1 
                  202 115 201 -1 
                  205 104 105 -1 
                  206 103 104 -1 
                  207 102 103 -1 
                  208 101 102 -1 
                  209 100 101 -1 
                  210 98 99 -1 
                  211 97 98 -1 
                  212 96 97 -1 
                  213 95 96 -1 
                  214 94 95 -1 
                  215 93 94 -1 
                  216 92 93 -1 
                  217 91 92 -1 
                  218 89 90 -1 
                  219 88 89 -1 
                  220 87 88 -1 
                  221 86 87 -1 
                  222 85 86 -1 
                  223 84 85 -1 
                  224 83 84 -1 
                  225 82 83 -1 
                  226 80 81 -1 
                  227 79 80 -1 
                  228 78 79 -1 
                  229 77 78 -1 
                  230 76 77 -1 
                  229 78 228 -1 
                  230 77 229 -1 
                  231 160 75 -1 
                  196 195 197 -1 
                  232 197 195 -1 
                  195 194 232 -1 
                  233 232 194 -1 
                  194 193 233 -1 
                  234 233 193 -1 
                  193 192 234 -1 
                  235 234 192 -1 
                  192 191 235 -1 
                  236 235 191 -1 
                  191 190 236 -1 
                  237 236 190 -1 
                  190 189 237 -1 
                  238 237 189 -1 
                  197 232 198 -1 
                  239 198 232 -1 
                  232 233 239 -1 
                  240 239 233 -1 
                  233 234 240 -1 
                  241 240 234 -1 
                  198 239 199 -1 
                  242 199 239 -1 
                  239 240 242 -1 
                  243 242 240 -1 
                  240 241 243 -1 
                  244 243 241 -1 
                  234 235 241 -1 
                  245 241 235 -1 
                  235 236 245 -1 
                  246 245 236 -1 
                  236 237 246 -1 
                  247 246 237 -1 
                  237 238 247 -1 
                  248 247 238 -1 
                  241 245 244 -1 
                  249 244 245 -1 
                  245 246 249 -1 
                  250 249 246 -1 
                  246 247 250 -1 
                  251 250 247 -1 
                  247 248 251 -1 
                  252 251 248 -1 
                  189 188 238 -1 
                  253 238 188 -1 
                  188 187 253 -1 
                  254 253 187 -1 
                  187 186 254 -1 
                  255 254 186 -1 
                  186 185 255 -1 
                  256 255 185 -1 
                  185 184 256 -1 
                  257 256 184 -1 
                  184 183 257 -1 
                  258 257 183 -1 
                  183 182 258 -1 
                  259 258 182 -1 
                  182 181 259 -1 
                  260 259 181 -1 
                  238 253 248 -1 
                  261 248 253 -1 
                  253 254 261 -1 
                  262 261 254 -1 
                  254 255 262 -1 
                  263 262 255 -1 
                  255 256 263 -1 
                  264 263 256 -1 
                  248 261 252 -1 
                  265 252 261 -1 
                  261 262 265 -1 
                  266 265 262 -1 
                  262 263 266 -1 
                  267 266 263 -1 
                  263 264 267 -1 
                  268 267 264 -1 
                  256 257 264 -1 
                  269 264 257 -1 
                  257 258 269 -1 
                  270 269 258 -1 
                  258 259 270 -1 
                  271 270 259 -1 
                  259 260 271 -1 
                  272 271 260 -1 
                  264 269 268 -1 
                  273 268 269 -1 
                  269 270 273 -1 
                  274 273 270 -1 
                  270 271 274 -1 
                  275 274 271 -1 
                  271 272 275 -1 
                  276 275 272 -1 
                  199 242 200 -1 
                  277 200 242 -1 
                  242 243 277 -1 
                  278 277 243 -1 
                  243 244 278 -1 
                  279 278 244 -1 
                  200 277 201 -1 
                  280 201 277 -1 
                  277 278 280 -1 
                  281 280 278 -1 
                  278 279 281 -1 
                  282 281 279 -1 
                  244 249 279 -1 
                  283 279 249 -1 
                  249 250 283 -1 
                  284 283 250 -1 
                  250 251 284 -1 
                  285 284 251 -1 
                  251 252 285 -1 
                  286 285 252 -1 
                  279 283 282 -1 
                  287 282 283 -1 
                  283 284 287 -1 
                  288 287 284 -1 
                  284 285 288 -1 
                  289 288 285 -1 
                  285 286 289 -1 
                  290 289 286 -1 
                  201 280 202 -1 
                  203 202 280 -1 
                  280 281 203 -1 
                  204 203 281 -1 
                  281 282 204 -1 
                  205 204 282 -1 
                  282 287 205 -1 
                  206 205 287 -1 
                  287 288 206 -1 
                  207 206 288 -1 
                  288 289 207 -1 
                  208 207 289 -1 
                  289 290 208 -1 
                  209 208 290 -1 
                  252 265 286 -1 
                  291 286 265 -1 
                  265 266 291 -1 
                  292 291 266 -1 
                  266 267 292 -1 
                  293 292 267 -1 
                  267 268 293 -1 
                  294 293 268 -1 
                  286 291 290 -1 
                  295 290 291 -1 
                  291 292 295 -1 
                  296 295 292 -1 
                  292 293 296 -1 
                  297 296 293 -1 
                  293 294 297 -1 
                  298 297 294 -1 
                  268 273 294 -1 
                  299 294 273 -1 
                  273 274 299 -1 
                  300 299 274 -1 
                  274 275 300 -1 
                  301 300 275 -1 
                  275 276 301 -1 
                  302 301 276 -1 
                  294 299 298 -1 
                  303 298 299 -1 
                  299 300 303 -1 
                  304 303 300 -1 
                  300 301 304 -1 
                  305 304 301 -1 
                  301 302 305 -1 
                  306 305 302 -1 
                  290 295 209 -1 
                  210 209 295 -1 
                  295 296 210 -1 
                  211 210 296 -1 
                  296 297 211 -1 
                  212 211 297 -1 
                  297 298 212 -1 
                  213 212 298 -1 
                  298 303 213 -1 
                  214 213 303 -1 
                  303 304 214 -1 
                  215 214 304 -1 
                  304 305 215 -1 
                  216 215 305 -1 
                  305 306 216 -1 
                  217 216 306 -1 
                  181 180 260 -1 
                  307 260 180 -1 
                  180 179 307 -1 
                  308 307 179 -1 
                  179 178 308 -1 
                  309 308 178 -1 
                  178 177 309 -1 
                  310 309 177 -1 
                  177 176 310 -1 
                  311 310 176 -1 
                  176 175 311 -1 
                  312 311 175 -1 
                  175 174 312 -1 
                  313 312 174 -1 
                  174 173 313 -1 
                  314 313 173 -1 
                  260 307 272 -1 
                  315 272 307 -1 
                  307 308 315 -1 
                  316 315 308 -1 
                  308 309 316 -1 
                  317 316 309 -1 
                  309 310 317 -1 
                  318 317 310 -1 
                  272 315 276 -1 
                  319 276 315 -1 
                  315 316 319 -1 
                  320 319 316 -1 
                  316 317 320 -1 
                  321 320 317 -1 
                  317 318 321 -1 
                  322 321 318 -1 
                  310 311 318 -1 
                  323 318 311 -1 
                  311 312 323 -1 
                  324 323 312 -1 
                  312 313 324 -1 
                  325 324 313 -1 
                  313 314 325 -1 
                  326 325 314 -1 
                  318 323 322 -1 
                  327 322 323 -1 
                  323 324 327 -1 
                  328 327 324 -1 
                  324 325 328 -1 
                  329 328 325 -1 
                  325 326 329 -1 
                  330 329 326 -1 
                  173 172 314 -1 
                  331 314 172 -1 
                  172 171 331 -1 
                  332 331 171 -1 
                  171 170 332 -1 
                  333 332 170 -1 
                  170 169 333 -1 
                  334 333 169 -1 
                  169 168 334 -1 
                  335 334 168 -1 
                  168 167 335 -1 
                  336 335 167 -1 
                  167 166 336 -1 
                  165 336 166 -1 
                  314 331 326 -1 
                  337 326 331 -1 
                  331 332 337 -1 
                  338 337 332 -1 
                  332 333 338 -1 
                  339 338 333 -1 
                  333 334 339 -1 
                  340 339 334 -1 
                  326 337 330 -1 
                  341 330 337 -1 
                  337 338 341 -1 
                  342 341 338 -1 
                  338 339 342 -1 
                  343 342 339 -1 
                  339 340 343 -1 
                  344 343 340 -1 
                  334 335 340 -1 
                  345 340 335 -1 
                  335 336 345 -1 
                  346 345 336 -1 
                  336 165 346 -1 
                  164 346 165 -1 
                  340 345 344 -1 
                  347 344 345 -1 
                  345 346 347 -1 
                  348 347 346 -1 
                  346 164 348 -1 
                  163 348 164 -1 
                  276 319 302 -1 
                  349 302 319 -1 
                  319 320 349 -1 
                  350 349 320 -1 
                  320 321 350 -1 
                  351 350 321 -1 
                  321 322 351 -1 
                  352 351 322 -1 
                  302 349 306 -1 
                  353 306 349 -1 
                  349 350 353 -1 
                  354 353 350 -1 
                  350 351 354 -1 
                  355 354 351 -1 
                  351 352 355 -1 
                  356 355 352 -1 
                  322 327 352 -1 
                  357 352 327 -1 
                  327 328 357 -1 
                  358 357 328 -1 
                  328 329 358 -1 
                  359 358 329 -1 
                  329 330 359 -1 
                  360 359 330 -1 
                  352 357 356 -1 
                  361 356 357 -1 
                  357 358 361 -1 
                  362 361 358 -1 
                  358 359 362 -1 
                  363 362 359 -1 
                  359 360 363 -1 
                  364 363 360 -1 
                  306 353 217 -1 
                  218 217 353 -1 
                  353 354 218 -1 
                  219 218 354 -1 
                  354 355 219 -1 
                  220 219 355 -1 
                  355 356 220 -1 
                  221 220 356 -1 
                  356 361 221 -1 
                  222 221 361 -1 
                  361 362 222 -1 
                  223 222 362 -1 
                  362 363 223 -1 
                  224 223 363 -1 
                  363 364 224 -1 
                  225 224 364 -1 
                  330 341 360 -1 
                  365 360 341 -1 
                  341 342 365 -1 
                  366 365 342 -1 
                  342 343 366 -1 
                  367 366 343 -1 
                  343 344 367 -1 
                  368 367 344 -1 
                  360 365 364 -1 
                  369 364 365 -1 
                  365 366 369 -1 
                  370 369 366 -1 
                  366 367 370 -1 
                  371 370 367 -1 
                  367 368 371 -1 
                  372 371 368 -1 
                  344 347 368 -1 
                  373 368 347 -1 
                  347 348 373 -1 
                  374 373 348 -1 
                  348 163 374 -1 
                  162 374 163 -1 
                  368 373 372 -1 
                  375 372 373 -1 
                  373 374 375 -1 
                  376 375 374 -1 
                  374 162 376 -1 
                  161 376 162 -1 
                  364 369 225 -1 
                  226 225 369 -1 
                  369 370 226 -1 
                  227 226 370 -1 
                  370 371 227 -1 
                  228 227 371 -1 
                  371 372 228 -1 
                  229 228 372 -1 
                  372 375 229 -1 
                  230 229 375 -1 
                  375 376 230 -1 
                  231 230 376 -1 
                  376 161 231 -1 
                  160 231 161 -1 
                  125 3 124 -1 
                  125 124 419 -1 
                  420 126 419 -1 
                  418 123 122 -1 
                  414 119 118 -1 
                  4 117 1 -1 
                  413 117 4 -1 
                  415 120 119 -1 
                  415 119 414 -1 
                  410 7 8 -1 
                  409 8 9 -1 
                  408 9 10 -1 
                  407 10 11 -1 
                  406 11 12 -1 
                  406 12 13 -1 
                  13 14 405 -1 
                  404 14 15 -1 
                  403 15 16 -1 
                  402 16 17 -1 
                  401 17 18 -1 
                  400 18 19 -1 
                  399 19 20 -1 
                  398 20 21 -1 
                  398 21 22 -1 
                  22 23 397 -1 
                  396 23 24 -1 
                  395 24 25 -1 
                  394 25 26 -1 
                  393 26 27 -1 
                  392 27 28 -1 
                  391 28 29 -1 
                  390 29 30 -1 
                  390 30 31 -1 
                  31 32 389 -1 
                  384 36 37 -1 
                  117 38 1 -1 
                  383 38 117 -1 
                  385 35 36 -1 
                  385 36 384 -1 
                  386 35 385 -1 
                  380 120 121 -1 
                  379 121 122 -1 
                  377 123 124 -1 
                  159 124 3 -1 
                  377 124 159 -1 
                  448 157 447 -1 
                  446 156 155 -1 
                  152 151 442 -1 
                  442 151 150 -1 
                  441 150 149 -1 
                  440 149 148 -1 
                  439 148 147 -1 
                  438 147 146 -1 
                  143 142 434 -1 
                  434 142 141 -1 
                  433 141 140 -1 
                  432 140 139 -1 
                  431 139 138 -1 
                  430 138 137 -1 
                  134 133 426 -1 
                  426 133 132 -1 
                  425 132 131 -1 
                  424 131 130 -1 
                  419 123 418 -1 
                  378 122 123 -1 
                  377 159 158 -1 
                  378 123 377 -1 
                  448 158 157 -1 
                  381 119 120 -1 
                  379 122 378 -1 
                  382 118 119 -1 
                  380 121 379 -1 
                  384 37 383 -1 
                  381 120 380 -1 
                  383 117 118 -1 
                  382 119 381 -1 
                  383 37 38 -1 
                  383 118 382 -1 
                  386 34 35 -1 
                  387 33 34 -1 
                  388 32 33 -1 
                  387 34 386 -1 
                  443 152 442 -1 
                  388 33 387 -1 
                  442 150 441 -1 
                  389 32 388 -1 
                  441 149 440 -1 
                  390 31 389 -1 
                  391 29 390 -1 
                  392 28 391 -1 
                  393 27 392 -1 
                  394 26 393 -1 
                  395 25 394 -1 
                  435 143 434 -1 
                  396 24 395 -1 
                  434 141 433 -1 
                  397 23 396 -1 
                  433 140 432 -1 
                  398 22 397 -1 
                  399 20 398 -1 
                  400 19 399 -1 
                  401 18 400 -1 
                  402 17 401 -1 
                  403 16 402 -1 
                  427 134 426 -1 
                  404 15 403 -1 
                  426 132 425 -1 
                  405 14 404 -1 
                  425 131 424 -1 
                  406 13 405 -1 
                  407 11 406 -1 
                  408 10 407 -1 
                  411 6 7 -1 
                  409 9 408 -1 
                  412 5 6 -1 
                  410 8 409 -1 
                  414 118 413 -1 
                  411 7 410 -1 
                  413 4 5 -1 
                  412 6 411 -1 
                  413 118 117 -1 
                  413 5 412 -1 
                  416 121 120 -1 
                  417 122 121 -1 
                  416 120 415 -1 
                  421 127 420 -1 
                  417 121 416 -1 
                  421 128 127 -1 
                  419 124 123 -1 
                  418 122 417 -1 
                  420 127 126 -1 
                  419 126 125 -1 
                  422 129 128 -1 
                  423 130 129 -1 
                  422 128 421 -1 
                  423 129 422 -1 
                  424 130 423 -1 
                  427 135 134 -1 
                  428 136 135 -1 
                  429 137 136 -1 
                  428 135 427 -1 
                  429 136 428 -1 
                  430 137 429 -1 
                  431 138 430 -1 
                  432 139 431 -1 
                  435 144 143 -1 
                  436 145 144 -1 
                  437 146 145 -1 
                  436 144 435 -1 
                  437 145 436 -1 
                  438 146 437 -1 
                  439 147 438 -1 
                  440 148 439 -1 
                  443 153 152 -1 
                  444 154 153 -1 
                  445 155 154 -1 
                  444 153 443 -1 
                  445 154 444 -1 
                  447 157 156 -1 
                  446 155 445 -1 
                  447 156 446 -1 
                  448 377 158 -1 
                  413 412 414 -1 
                  449 414 412 -1 
                  412 411 449 -1 
                  450 449 411 -1 
                  411 410 450 -1 
                  451 450 410 -1 
                  410 409 451 -1 
                  452 451 409 -1 
                  409 408 452 -1 
                  453 452 408 -1 
                  408 407 453 -1 
                  454 453 407 -1 
                  407 406 454 -1 
                  455 454 406 -1 
                  414 449 415 -1 
                  456 415 449 -1 
                  449 450 456 -1 
                  457 456 450 -1 
                  450 451 457 -1 
                  458 457 451 -1 
                  415 456 416 -1 
                  459 416 456 -1 
                  456 457 459 -1 
                  460 459 457 -1 
                  457 458 460 -1 
                  461 460 458 -1 
                  451 452 458 -1 
                  462 458 452 -1 
                  452 453 462 -1 
                  463 462 453 -1 
                  453 454 463 -1 
                  464 463 454 -1 
                  454 455 464 -1 
                  465 464 455 -1 
                  458 462 461 -1 
                  466 461 462 -1 
                  462 463 466 -1 
                  467 466 463 -1 
                  463 464 467 -1 
                  468 467 464 -1 
                  464 465 468 -1 
                  469 468 465 -1 
                  406 405 455 -1 
                  470 455 405 -1 
                  405 404 470 -1 
                  471 470 404 -1 
                  404 403 471 -1 
                  472 471 403 -1 
                  403 402 472 -1 
                  473 472 402 -1 
                  402 401 473 -1 
                  474 473 401 -1 
                  401 400 474 -1 
                  475 474 400 -1 
                  400 399 475 -1 
                  476 475 399 -1 
                  399 398 476 -1 
                  477 476 398 -1 
                  455 470 465 -1 
                  478 465 470 -1 
                  470 471 478 -1 
                  479 478 471 -1 
                  471 472 479 -1 
                  480 479 472 -1 
                  472 473 480 -1 
                  481 480 473 -1 
                  465 478 469 -1 
                  482 469 478 -1 
                  478 479 482 -1 
                  483 482 479 -1 
                  479 480 483 -1 
                  484 483 480 -1 
                  480 481 484 -1 
                  485 484 481 -1 
                  473 474 481 -1 
                  486 481 474 -1 
                  474 475 486 -1 
                  487 486 475 -1 
                  475 476 487 -1 
                  488 487 476 -1 
                  476 477 488 -1 
                  489 488 477 -1 
                  481 486 485 -1 
                  490 485 486 -1 
                  486 487 490 -1 
                  491 490 487 -1 
                  487 488 491 -1 
                  492 491 488 -1 
                  488 489 492 -1 
                  493 492 489 -1 
                  416 459 417 -1 
                  494 417 459 -1 
                  459 460 494 -1 
                  495 494 460 -1 
                  460 461 495 -1 
                  496 495 461 -1 
                  417 494 418 -1 
                  497 418 494 -1 
                  494 495 497 -1 
                  498 497 495 -1 
                  495 496 498 -1 
                  499 498 496 -1 
                  461 466 496 -1 
                  500 496 466 -1 
                  466 467 500 -1 
                  501 500 467 -1 
                  467 468 501 -1 
                  502 501 468 -1 
                  468 469 502 -1 
                  503 502 469 -1 
                  496 500 499 -1 
                  504 499 500 -1 
                  500 501 504 -1 
                  505 504 501 -1 
                  501 502 505 -1 
                  506 505 502 -1 
                  502 503 506 -1 
                  507 506 503 -1 
                  418 497 419 -1 
                  420 419 497 -1 
                  497 498 420 -1 
                  421 420 498 -1 
                  498 499 421 -1 
                  422 421 499 -1 
                  499 504 422 -1 
                  423 422 504 -1 
                  504 505 423 -1 
                  424 423 505 -1 
                  505 506 424 -1 
                  425 424 506 -1 
                  506 507 425 -1 
                  426 425 507 -1 
                  469 482 503 -1 
                  508 503 482 -1 
                  482 483 508 -1 
                  509 508 483 -1 
                  483 484 509 -1 
                  510 509 484 -1 
                  484 485 510 -1 
                  511 510 485 -1 
                  503 508 507 -1 
                  512 507 508 -1 
                  508 509 512 -1 
                  513 512 509 -1 
                  509 510 513 -1 
                  514 513 510 -1 
                  510 511 514 -1 
                  515 514 511 -1 
                  485 490 511 -1 
                  516 511 490 -1 
                  490 491 516 -1 
                  517 516 491 -1 
                  491 492 517 -1 
                  518 517 492 -1 
                  492 493 518 -1 
                  519 518 493 -1 
                  511 516 515 -1 
                  520 515 516 -1 
                  516 517 520 -1 
                  521 520 517 -1 
                  517 518 521 -1 
                  522 521 518 -1 
                  518 519 522 -1 
                  523 522 519 -1 
                  507 512 426 -1 
                  427 426 512 -1 
                  512 513 427 -1 
                  428 427 513 -1 
                  513 514 428 -1 
                  429 428 514 -1 
                  514 515 429 -1 
                  430 429 515 -1 
                  515 520 430 -1 
                  431 430 520 -1 
                  520 521 431 -1 
                  432 431 521 -1 
                  521 522 432 -1 
                  433 432 522 -1 
                  522 523 433 -1 
                  434 433 523 -1 
                  398 397 477 -1 
                  524 477 397 -1 
                  397 396 524 -1 
                  525 524 396 -1 
                  396 395 525 -1 
                  526 525 395 -1 
                  395 394 526 -1 
                  527 526 394 -1 
                  394 393 527 -1 
                  528 527 393 -1 
                  393 392 528 -1 
                  529 528 392 -1 
                  392 391 529 -1 
                  530 529 391 -1 
                  391 390 530 -1 
                  531 530 390 -1 
                  477 524 489 -1 
                  532 489 524 -1 
                  524 525 532 -1 
                  533 532 525 -1 
                  525 526 533 -1 
                  534 533 526 -1 
                  526 527 534 -1 
                  535 534 527 -1 
                  489 532 493 -1 
                  536 493 532 -1 
                  532 533 536 -1 
                  537 536 533 -1 
                  533 534 537 -1 
                  538 537 534 -1 
                  534 535 538 -1 
                  539 538 535 -1 
                  527 528 535 -1 
                  540 535 528 -1 
                  528 529 540 -1 
                  541 540 529 -1 
                  529 530 541 -1 
                  542 541 530 -1 
                  530 531 542 -1 
                  543 542 531 -1 
                  535 540 539 -1 
                  544 539 540 -1 
                  540 541 544 -1 
                  545 544 541 -1 
                  541 542 545 -1 
                  546 545 542 -1 
                  542 543 546 -1 
                  547 546 543 -1 
                  390 389 531 -1 
                  548 531 389 -1 
                  389 388 548 -1 
                  549 548 388 -1 
                  388 387 549 -1 
                  550 549 387 -1 
                  387 386 550 -1 
                  551 550 386 -1 
                  386 385 551 -1 
                  552 551 385 -1 
                  385 384 552 -1 
                  553 552 384 -1 
                  384 383 553 -1 
                  382 553 383 -1 
                  531 548 543 -1 
                  554 543 548 -1 
                  548 549 554 -1 
                  555 554 549 -1 
                  549 550 555 -1 
                  556 555 550 -1 
                  550 551 556 -1 
                  557 556 551 -1 
                  543 554 547 -1 
                  558 547 554 -1 
                  554 555 558 -1 
                  559 558 555 -1 
                  555 556 559 -1 
                  560 559 556 -1 
                  556 557 560 -1 
                  561 560 557 -1 
                  551 552 557 -1 
                  562 557 552 -1 
                  552 553 562 -1 
                  563 562 553 -1 
                  553 382 563 -1 
                  381 563 382 -1 
                  557 562 561 -1 
                  564 561 562 -1 
                  562 563 564 -1 
                  565 564 563 -1 
                  563 381 565 -1 
                  380 565 381 -1 
                  493 536 519 -1 
                  566 519 536 -1 
                  536 537 566 -1 
                  567 566 537 -1 
                  537 538 567 -1 
                  568 567 538 -1 
                  538 539 568 -1 
                  569 568 539 -1 
                  519 566 523 -1 
                  570 523 566 -1 
                  566 567 570 -1 
                  571 570 567 -1 
                  567 568 571 -1 
                  572 571 568 -1 
                  568 569 572 -1 
                  573 572 569 -1 
                  539 544 569 -1 
                  574 569 544 -1 
                  544 545 574 -1 
                  575 574 545 -1 
                  545 546 575 -1 
                  576 575 546 -1 
                  546 547 576 -1 
                  577 576 547 -1 
                  569 574 573 -1 
                  578 573 574 -1 
                  574 575 578 -1 
                  579 578 575 -1 
                  575 576 579 -1 
                  580 579 576 -1 
                  576 577 580 -1 
                  581 580 577 -1 
                  523 570 434 -1 
                  435 434 570 -1 
                  570 571 435 -1 
                  436 435 571 -1 
                  571 572 436 -1 
                  437 436 572 -1 
                  572 573 437 -1 
                  438 437 573 -1 
                  573 578 438 -1 
                  439 438 578 -1 
                  578 579 439 -1 
                  440 439 579 -1 
                  579 580 440 -1 
                  441 440 580 -1 
                  580 581 441 -1 
                  442 441 581 -1 
                  547 558 577 -1 
                  582 577 558 -1 
                  558 559 582 -1 
                  583 582 559 -1 
                  559 560 583 -1 
                  584 583 560 -1 
                  560 561 584 -1 
                  585 584 561 -1 
                  577 582 581 -1 
                  586 581 582 -1 
                  582 583 586 -1 
                  587 586 583 -1 
                  583 584 587 -1 
                  588 587 584 -1 
                  584 585 588 -1 
                  589 588 585 -1 
                  561 564 585 -1 
                  590 585 564 -1 
                  564 565 590 -1 
                  591 590 565 -1 
                  565 380 591 -1 
                  379 591 380 -1 
                  585 590 589 -1 
                  592 589 590 -1 
                  590 591 592 -1 
                  593 592 591 -1 
                  591 379 593 -1 
                  378 593 379 -1 
                  581 586 442 -1 
                  443 442 586 -1 
                  586 587 443 -1 
                  444 443 587 -1 
                  587 588 444 -1 
                  445 444 588 -1 
                  588 589 445 -1 
                  446 445 589 -1 
                  589 592 446 -1 
                  447 446 592 -1 
                  592 593 447 -1 
                  448 447 593 -1 
                  593 378 448 -1 
                  377 448 378 -1 
                  75 74 2 -1 
                  76 75 2 -1 
                  77 76 2 -1 
                  78 77 2 -1 
                  79 78 2 -1 
                  80 79 2 -1 
                  81 80 2 -1 
                  82 81 2 -1 
                  83 82 2 -1 
                  84 83 2 -1 
                  85 84 2 -1 
                  86 85 2 -1 
                  87 86 2 -1 
                  88 87 2 -1 
                  89 88 2 -1 
                  90 89 2 -1 
                  91 90 2 -1 
                  92 91 2 -1 
                  93 92 2 -1 
                  94 93 2 -1 
                  95 94 2 -1 
                  96 95 2 -1 
                  97 96 2 -1 
                  98 97 2 -1 
                  99 98 2 -1 
                  100 99 2 -1 
                  101 100 2 -1 
                  102 101 2 -1 
                  103 102 2 -1 
                  104 103 2 -1 
                  105 104 2 -1 
                  106 105 2 -1 
                  107 106 2 -1 
                  108 107 2 -1 
                  126 3 125 -1 
                  127 3 126 -1 
                  128 3 127 -1 
                  129 3 128 -1 
                  130 3 129 -1 
                  131 3 130 -1 
                  132 3 131 -1 
                  133 3 132 -1 
                  134 3 133 -1 
                  135 3 134 -1 
                  136 3 135 -1 
                  137 3 136 -1 
                  138 3 137 -1 
                  139 3 138 -1 
                  140 3 139 -1 
                  141 3 140 -1 
                  142 3 141 -1 
                  143 3 142 -1 
                  144 3 143 -1 
                  145 3 144 -1 
                  146 3 145 -1 
                  147 3 146 -1 
                  148 3 147 -1 
                  149 3 148 -1 
                  150 3 149 -1 
                  151 3 150 -1 
                  152 3 151 -1 
                  153 3 152 -1 
                  154 3 153 -1 
                  155 3 154 -1 
                  156 3 155 -1 
                  157 3 156 -1 
                  158 3 157 -1 
                  159 3 158 -1 
                ]
                normalIndex [
                  2 0 1 -1 
                  73 2 72 -1 
                  71 4 70 -1 
                  69 6 68 -1 
                  67 8 66 -1 
                  65 10 64 -1 
                  63 12 62 -1 
                  61 14 60 -1 
                  59 16 58 -1 
                  57 18 56 -1 
                  55 20 54 -1 
                  53 22 52 -1 
                  51 24 50 -1 
                  49 26 48 -1 
                  47 28 46 -1 
                  45 30 44 -1 
                  43 32 42 -1 
                  41 34 40 -1 
                  39 36 38 -1 
                  55 19 20 -1 
                  54 20 21 -1 
                  53 21 22 -1 
                  52 22 23 -1 
                  51 23 24 -1 
                  50 24 25 -1 
                  49 25 26 -1 
                  48 26 27 -1 
                  47 27 28 -1 
                  46 28 29 -1 
                  45 29 30 -1 
                  44 30 31 -1 
                  43 31 32 -1 
                  42 32 33 -1 
                  41 33 34 -1 
                  40 34 35 -1 
                  39 35 36 -1 
                  38 36 37 -1 
                  40 35 39 -1 
                  56 18 19 -1 
                  42 33 41 -1 
                  57 17 18 -1 
                  44 31 43 -1 
                  58 16 17 -1 
                  46 29 45 -1 
                  59 15 16 -1 
                  48 27 47 -1 
                  60 14 15 -1 
                  50 25 49 -1 
                  61 13 14 -1 
                  52 23 51 -1 
                  62 12 13 -1 
                  54 21 53 -1 
                  63 11 12 -1 
                  56 19 55 -1 
                  64 10 11 -1 
                  58 17 57 -1 
                  65 9 10 -1 
                  60 15 59 -1 
                  66 8 9 -1 
                  62 13 61 -1 
                  67 7 8 -1 
                  64 11 63 -1 
                  68 6 7 -1 
                  66 9 65 -1 
                  69 5 6 -1 
                  68 7 67 -1 
                  70 4 5 -1 
                  70 5 69 -1 
                  71 3 4 -1 
                  72 3 71 -1 
                  72 2 3 -1 
                  73 0 2 -1 
                  163 74 75 -1 
                  235 77 234 -1 
                  227 86 226 -1 
                  226 87 225 -1 
                  225 88 224 -1 
                  224 89 223 -1 
                  92 221 91 -1 
                  219 95 218 -1 
                  217 97 216 -1 
                  215 99 214 -1 
                  101 213 100 -1 
                  210 105 209 -1 
                  207 107 108 -1 
                  111 109 110 -1 
                  209 106 208 -1 
                  206 109 111 -1 
                  211 104 210 -1 
                  208 106 107 -1 
                  208 107 207 -1 
                  216 98 215 -1 
                  218 96 217 -1 
                  223 90 222 -1 
                  201 116 117 -1 
                  83 229 82 -1 
                  120 118 119 -1 
                  231 81 230 -1 
                  200 118 120 -1 
                  163 75 164 -1 
                  202 115 116 -1 
                  202 116 201 -1 
                  212 103 211 -1 
                  213 102 212 -1 
                  214 100 213 -1 
                  192 129 130 -1 
                  220 94 219 -1 
                  221 93 220 -1 
                  222 91 221 -1 
                  184 138 139 -1 
                  228 85 227 -1 
                  229 84 228 -1 
                  230 82 229 -1 
                  176 147 148 -1 
                  232 80 231 -1 
                  171 152 153 -1 
                  156 154 155 -1 
                  170 154 156 -1 
                  172 151 152 -1 
                  172 152 171 -1 
                  173 151 172 -1 
                  235 76 77 -1 
                  164 75 76 -1 
                  163 164 162 -1 
                  166 160 161 -1 
                  165 161 162 -1 
                  167 159 160 -1 
                  165 162 164 -1 
                  168 158 159 -1 
                  166 161 165 -1 
                  169 157 158 -1 
                  167 160 166 -1 
                  171 153 170 -1 
                  168 159 167 -1 
                  170 156 157 -1 
                  169 158 168 -1 
                  170 153 154 -1 
                  170 157 169 -1 
                  173 150 151 -1 
                  174 149 150 -1 
                  175 148 149 -1 
                  177 146 147 -1 
                  174 150 173 -1 
                  177 145 146 -1 
                  175 149 174 -1 
                  178 144 145 -1 
                  176 148 175 -1 
                  179 143 144 -1 
                  177 147 176 -1 
                  180 142 143 -1 
                  178 145 177 -1 
                  181 141 142 -1 
                  179 144 178 -1 
                  182 140 141 -1 
                  180 143 179 -1 
                  183 139 140 -1 
                  181 142 180 -1 
                  185 137 138 -1 
                  182 141 181 -1 
                  185 136 137 -1 
                  183 140 182 -1 
                  186 135 136 -1 
                  184 139 183 -1 
                  187 134 135 -1 
                  185 138 184 -1 
                  188 133 134 -1 
                  186 136 185 -1 
                  189 132 133 -1 
                  187 135 186 -1 
                  190 131 132 -1 
                  188 134 187 -1 
                  191 130 131 -1 
                  189 133 188 -1 
                  193 128 129 -1 
                  190 132 189 -1 
                  193 127 128 -1 
                  191 131 190 -1 
                  194 126 127 -1 
                  192 130 191 -1 
                  195 125 126 -1 
                  193 129 192 -1 
                  196 124 125 -1 
                  194 127 193 -1 
                  197 123 124 -1 
                  195 126 194 -1 
                  198 122 123 -1 
                  196 125 195 -1 
                  199 121 122 -1 
                  197 124 196 -1 
                  201 117 200 -1 
                  198 123 197 -1 
                  200 120 121 -1 
                  199 122 198 -1 
                  200 117 118 -1 
                  200 121 199 -1 
                  203 114 115 -1 
                  204 113 114 -1 
                  205 112 113 -1 
                  203 115 202 -1 
                  207 108 206 -1 
                  204 114 203 -1 
                  206 111 112 -1 
                  205 113 204 -1 
                  206 108 109 -1 
                  206 112 205 -1 
                  209 105 106 -1 
                  210 104 105 -1 
                  211 103 104 -1 
                  212 102 103 -1 
                  213 101 102 -1 
                  214 99 100 -1 
                  215 98 99 -1 
                  216 97 98 -1 
                  217 96 97 -1 
                  218 95 96 -1 
                  219 94 95 -1 
                  220 93 94 -1 
                  221 92 93 -1 
                  222 90 91 -1 
                  223 89 90 -1 
                  224 88 89 -1 
                  225 87 88 -1 
                  226 86 87 -1 
                  227 85 86 -1 
                  228 84 85 -1 
                  229 83 84 -1 
                  230 81 82 -1 
                  231 80 81 -1 
                  232 79 80 -1 
                  233 78 79 -1 
                  234 77 78 -1 
                  233 79 232 -1 
                  234 78 233 -1 
                  235 164 76 -1 
                  200 199 201 -1 
                  236 201 199 -1 
                  199 198 236 -1 
                  237 236 198 -1 
                  198 197 237 -1 
                  238 237 197 -1 
                  197 196 238 -1 
                  239 238 196 -1 
                  196 195 239 -1 
                  240 239 195 -1 
                  195 194 240 -1 
                  241 240 194 -1 
                  194 193 241 -1 
                  242 241 193 -1 
                  201 236 202 -1 
                  243 202 236 -1 
                  236 237 243 -1 
                  244 243 237 -1 
                  237 238 244 -1 
                  245 244 238 -1 
                  202 243 203 -1 
                  246 203 243 -1 
                  243 244 246 -1 
                  247 246 244 -1 
                  244 245 247 -1 
                  248 247 245 -1 
                  238 239 245 -1 
                  249 245 239 -1 
                  239 240 249 -1 
                  250 249 240 -1 
                  240 241 250 -1 
                  251 250 241 -1 
                  241 242 251 -1 
                  252 251 242 -1 
                  245 249 248 -1 
                  253 248 249 -1 
                  249 250 253 -1 
                  254 253 250 -1 
                  250 251 254 -1 
                  255 254 251 -1 
                  251 252 255 -1 
                  256 255 252 -1 
                  193 192 242 -1 
                  257 242 192 -1 
                  192 191 257 -1 
                  258 257 191 -1 
                  191 190 258 -1 
                  259 258 190 -1 
                  190 189 259 -1 
                  260 259 189 -1 
                  189 188 260 -1 
                  261 260 188 -1 
                  188 187 261 -1 
                  262 261 187 -1 
                  187 186 262 -1 
                  263 262 186 -1 
                  186 185 263 -1 
                  264 263 185 -1 
                  242 257 252 -1 
                  265 252 257 -1 
                  257 258 265 -1 
                  266 265 258 -1 
                  258 259 266 -1 
                  267 266 259 -1 
                  259 260 267 -1 
                  268 267 260 -1 
                  252 265 256 -1 
                  269 256 265 -1 
                  265 266 269 -1 
                  270 269 266 -1 
                  266 267 270 -1 
                  271 270 267 -1 
                  267 268 271 -1 
                  272 271 268 -1 
                  260 261 268 -1 
                  273 268 261 -1 
                  261 262 273 -1 
                  274 273 262 -1 
                  262 263 274 -1 
                  275 274 263 -1 
                  263 264 275 -1 
                  276 275 264 -1 
                  268 273 272 -1 
                  277 272 273 -1 
                  273 274 277 -1 
                  278 277 274 -1 
                  274 275 278 -1 
                  279 278 275 -1 
                  275 276 279 -1 
                  280 279 276 -1 
                  203 246 204 -1 
                  281 204 246 -1 
                  246 247 281 -1 
                  282 281 247 -1 
                  247 248 282 -1 
                  283 282 248 -1 
                  204 281 205 -1 
                  284 205 281 -1 
                  281 282 284 -1 
                  285 284 282 -1 
                  282 283 285 -1 
                  286 285 283 -1 
                  248 253 283 -1 
                  287 283 253 -1 
                  253 254 287 -1 
                  288 287 254 -1 
                  254 255 288 -1 
                  289 288 255 -1 
                  255 256 289 -1 
                  290 289 256 -1 
                  283 287 286 -1 
                  291 286 287 -1 
                  287 288 291 -1 
                  292 291 288 -1 
                  288 289 292 -1 
                  293 292 289 -1 
                  289 290 293 -1 
                  294 293 290 -1 
                  205 284 206 -1 
                  207 206 284 -1 
                  284 285 207 -1 
                  208 207 285 -1 
                  285 286 208 -1 
                  209 208 286 -1 
                  286 291 209 -1 
                  210 209 291 -1 
                  291 292 210 -1 
                  211 210 292 -1 
                  292 293 211 -1 
                  212 211 293 -1 
                  293 294 212 -1 
                  213 212 294 -1 
                  256 269 290 -1 
                  295 290 269 -1 
                  269 270 295 -1 
                  296 295 270 -1 
                  270 271 296 -1 
                  297 296 271 -1 
                  271 272 297 -1 
                  298 297 272 -1 
                  290 295 294 -1 
                  299 294 295 -1 
                  295 296 299 -1 
                  300 299 296 -1 
                  296 297 300 -1 
                  301 300 297 -1 
                  297 298 301 -1 
                  302 301 298 -1 
                  272 277 298 -1 
                  303 298 277 -1 
                  277 278 303 -1 
                  304 303 278 -1 
                  278 279 304 -1 
                  305 304 279 -1 
                  279 280 305 -1 
                  306 305 280 -1 
                  298 303 302 -1 
                  307 302 303 -1 
                  303 304 307 -1 
                  308 307 304 -1 
                  304 305 308 -1 
                  309 308 305 -1 
                  305 306 309 -1 
                  310 309 306 -1 
                  294 299 213 -1 
                  214 213 299 -1 
                  299 300 214 -1 
                  215 214 300 -1 
                  300 301 215 -1 
                  216 215 301 -1 
                  301 302 216 -1 
                  217 216 302 -1 
                  302 307 217 -1 
                  218 217 307 -1 
                  307 308 218 -1 
                  219 218 308 -1 
                  308 309 219 -1 
                  220 219 309 -1 
                  309 310 220 -1 
                  221 220 310 -1 
                  185 184 264 -1 
                  311 264 184 -1 
                  184 183 311 -1 
                  312 311 183 -1 
                  183 182 312 -1 
                  313 312 182 -1 
                  182 181 313 -1 
                  314 313 181 -1 
                  181 180 314 -1 
                  315 314 180 -1 
                  180 179 315 -1 
                  316 315 179 -1 
                  179 178 316 -1 
                  317 316 178 -1 
                  178 177 317 -1 
                  318 317 177 -1 
                  264 311 276 -1 
                  319 276 311 -1 
                  311 312 319 -1 
                  320 319 312 -1 
                  312 313 320 -1 
                  321 320 313 -1 
                  313 314 321 -1 
                  322 321 314 -1 
                  276 319 280 -1 
                  323 280 319 -1 
                  319 320 323 -1 
                  324 323 320 -1 
                  320 321 324 -1 
                  325 324 321 -1 
                  321 322 325 -1 
                  326 325 322 -1 
                  314 315 322 -1 
                  327 322 315 -1 
                  315 316 327 -1 
                  328 327 316 -1 
                  316 317 328 -1 
                  329 328 317 -1 
                  317 318 329 -1 
                  330 329 318 -1 
                  322 327 326 -1 
                  331 326 327 -1 
                  327 328 331 -1 
                  332 331 328 -1 
                  328 329 332 -1 
                  333 332 329 -1 
                  329 330 333 -1 
                  334 333 330 -1 
                  177 176 318 -1 
                  335 318 176 -1 
                  176 175 335 -1 
                  336 335 175 -1 
                  175 174 336 -1 
                  337 336 174 -1 
                  174 173 337 -1 
                  338 337 173 -1 
                  173 172 338 -1 
                  339 338 172 -1 
                  172 171 339 -1 
                  340 339 171 -1 
                  171 170 340 -1 
                  169 340 170 -1 
                  318 335 330 -1 
                  341 330 335 -1 
                  335 336 341 -1 
                  342 341 336 -1 
                  336 337 342 -1 
                  343 342 337 -1 
                  337 338 343 -1 
                  344 343 338 -1 
                  330 341 334 -1 
                  345 334 341 -1 
                  341 342 345 -1 
                  346 345 342 -1 
                  342 343 346 -1 
                  347 346 343 -1 
                  343 344 347 -1 
                  348 347 344 -1 
                  338 339 344 -1 
                  349 344 339 -1 
                  339 340 349 -1 
                  350 349 340 -1 
                  340 169 350 -1 
                  168 350 169 -1 
                  344 349 348 -1 
                  351 348 349 -1 
                  349 350 351 -1 
                  352 351 350 -1 
                  350 168 352 -1 
                  167 352 168 -1 
                  280 323 306 -1 
                  353 306 323 -1 
                  323 324 353 -1 
                  354 353 324 -1 
                  324 325 354 -1 
                  355 354 325 -1 
                  325 326 355 -1 
                  356 355 326 -1 
                  306 353 310 -1 
                  357 310 353 -1 
                  353 354 357 -1 
                  358 357 354 -1 
                  354 355 358 -1 
                  359 358 355 -1 
                  355 356 359 -1 
                  360 359 356 -1 
                  326 331 356 -1 
                  361 356 331 -1 
                  331 332 361 -1 
                  362 361 332 -1 
                  332 333 362 -1 
                  363 362 333 -1 
                  333 334 363 -1 
                  364 363 334 -1 
                  356 361 360 -1 
                  365 360 361 -1 
                  361 362 365 -1 
                  366 365 362 -1 
                  362 363 366 -1 
                  367 366 363 -1 
                  363 364 367 -1 
                  368 367 364 -1 
                  310 357 221 -1 
                  222 221 357 -1 
                  357 358 222 -1 
                  223 222 358 -1 
                  358 359 223 -1 
                  224 223 359 -1 
                  359 360 224 -1 
                  225 224 360 -1 
                  360 365 225 -1 
                  226 225 365 -1 
                  365 366 226 -1 
                  227 226 366 -1 
                  366 367 227 -1 
                  228 227 367 -1 
                  367 368 228 -1 
                  229 228 368 -1 
                  334 345 364 -1 
                  369 364 345 -1 
                  345 346 369 -1 
                  370 369 346 -1 
                  346 347 370 -1 
                  371 370 347 -1 
                  347 348 371 -1 
                  372 371 348 -1 
                  364 369 368 -1 
                  373 368 369 -1 
                  369 370 373 -1 
                  374 373 370 -1 
                  370 371 374 -1 
                  375 374 371 -1 
                  371 372 375 -1 
                  376 375 372 -1 
                  348 351 372 -1 
                  377 372 351 -1 
                  351 352 377 -1 
                  378 377 352 -1 
                  352 167 378 -1 
                  166 378 167 -1 
                  372 377 376 -1 
                  379 376 377 -1 
                  377 378 379 -1 
                  380 379 378 -1 
                  378 166 380 -1 
                  165 380 166 -1 
                  368 373 229 -1 
                  230 229 373 -1 
                  373 374 230 -1 
                  231 230 374 -1 
                  374 375 231 -1 
                  232 231 375 -1 
                  375 376 232 -1 
                  233 232 376 -1 
                  376 379 233 -1 
                  234 233 379 -1 
                  379 380 234 -1 
                  235 234 380 -1 
                  380 165 235 -1 
                  164 235 165 -1 
                  470 381 382 -1 
                  470 382 513 -1 
                  514 469 513 -1 
                  512 383 384 -1 
                  508 387 388 -1 
                  391 389 390 -1 
                  507 389 391 -1 
                  509 386 387 -1 
                  509 387 508 -1 
                  504 394 395 -1 
                  503 395 396 -1 
                  502 396 397 -1 
                  501 397 398 -1 
                  500 398 399 -1 
                  500 399 400 -1 
                  400 401 499 -1 
                  498 401 402 -1 
                  497 402 403 -1 
                  496 403 404 -1 
                  495 404 405 -1 
                  494 405 406 -1 
                  493 406 407 -1 
                  492 407 408 -1 
                  492 408 409 -1 
                  409 410 491 -1 
                  490 410 411 -1 
                  489 411 412 -1 
                  488 412 413 -1 
                  487 413 414 -1 
                  486 414 415 -1 
                  485 415 416 -1 
                  484 416 417 -1 
                  484 417 418 -1 
                  418 419 483 -1 
                  478 423 424 -1 
                  427 425 426 -1 
                  477 425 427 -1 
                  479 422 423 -1 
                  479 423 478 -1 
                  480 422 479 -1 
                  474 430 431 -1 
                  473 431 432 -1 
                  471 433 434 -1 
                  436 434 435 -1 
                  471 434 436 -1 
                  542 438 541 -1 
                  540 439 440 -1 
                  443 444 536 -1 
                  536 444 445 -1 
                  535 445 446 -1 
                  534 446 447 -1 
                  533 447 448 -1 
                  532 448 449 -1 
                  452 453 528 -1 
                  528 453 454 -1 
                  527 454 455 -1 
                  526 455 456 -1 
                  525 456 457 -1 
                  524 457 458 -1 
                  461 462 520 -1 
                  520 462 463 -1 
                  519 463 464 -1 
                  518 464 465 -1 
                  513 383 512 -1 
                  472 432 433 -1 
                  471 436 437 -1 
                  472 433 471 -1 
                  542 437 438 -1 
                  475 429 430 -1 
                  473 432 472 -1 
                  476 428 429 -1 
                  474 431 473 -1 
                  478 424 477 -1 
                  475 430 474 -1 
                  477 427 428 -1 
                  476 429 475 -1 
                  477 424 425 -1 
                  477 428 476 -1 
                  480 421 422 -1 
                  481 420 421 -1 
                  482 419 420 -1 
                  481 421 480 -1 
                  537 443 536 -1 
                  482 420 481 -1 
                  536 445 535 -1 
                  483 419 482 -1 
                  535 446 534 -1 
                  484 418 483 -1 
                  485 416 484 -1 
                  486 415 485 -1 
                  487 414 486 -1 
                  488 413 487 -1 
                  489 412 488 -1 
                  529 452 528 -1 
                  490 411 489 -1 
                  528 454 527 -1 
                  491 410 490 -1 
                  527 455 526 -1 
                  492 409 491 -1 
                  493 407 492 -1 
                  494 406 493 -1 
                  495 405 494 -1 
                  496 404 495 -1 
                  497 403 496 -1 
                  521 461 520 -1 
                  498 402 497 -1 
                  520 463 519 -1 
                  499 401 498 -1 
                  519 464 518 -1 
                  500 400 499 -1 
                  501 398 500 -1 
                  502 397 501 -1 
                  505 393 394 -1 
                  503 396 502 -1 
                  506 392 393 -1 
                  504 395 503 -1 
                  508 388 507 -1 
                  505 394 504 -1 
                  507 391 392 -1 
                  506 393 505 -1 
                  507 388 389 -1 
                  507 392 506 -1 
                  510 385 386 -1 
                  511 384 385 -1 
                  510 386 509 -1 
                  515 468 514 -1 
                  511 385 510 -1 
                  515 467 468 -1 
                  513 382 383 -1 
                  512 384 511 -1 
                  514 468 469 -1 
                  513 469 470 -1 
                  516 466 467 -1 
                  517 465 466 -1 
                  516 467 515 -1 
                  517 466 516 -1 
                  518 465 517 -1 
                  521 460 461 -1 
                  522 459 460 -1 
                  523 458 459 -1 
                  522 460 521 -1 
                  523 459 522 -1 
                  524 458 523 -1 
                  525 457 524 -1 
                  526 456 525 -1 
                  529 451 452 -1 
                  530 450 451 -1 
                  531 449 450 -1 
                  530 451 529 -1 
                  531 450 530 -1 
                  532 449 531 -1 
                  533 448 532 -1 
                  534 447 533 -1 
                  537 442 443 -1 
                  538 441 442 -1 
                  539 440 441 -1 
                  538 442 537 -1 
                  539 441 538 -1 
                  541 438 439 -1 
                  540 440 539 -1 
                  541 439 540 -1 
                  542 471 437 -1 
                  507 506 508 -1 
                  543 508 506 -1 
                  506 505 543 -1 
                  544 543 505 -1 
                  505 504 544 -1 
                  545 544 504 -1 
                  504 503 545 -1 
                  546 545 503 -1 
                  503 502 546 -1 
                  547 546 502 -1 
                  502 501 547 -1 
                  548 547 501 -1 
                  501 500 548 -1 
                  549 548 500 -1 
                  508 543 509 -1 
                  550 509 543 -1 
                  543 544 550 -1 
                  551 550 544 -1 
                  544 545 551 -1 
                  552 551 545 -1 
                  509 550 510 -1 
                  553 510 550 -1 
                  550 551 553 -1 
                  554 553 551 -1 
                  551 552 554 -1 
                  555 554 552 -1 
                  545 546 552 -1 
                  556 552 546 -1 
                  546 547 556 -1 
                  557 556 547 -1 
                  547 548 557 -1 
                  558 557 548 -1 
                  548 549 558 -1 
                  559 558 549 -1 
                  552 556 555 -1 
                  560 555 556 -1 
                  556 557 560 -1 
                  561 560 557 -1 
                  557 558 561 -1 
                  562 561 558 -1 
                  558 559 562 -1 
                  563 562 559 -1 
                  500 499 549 -1 
                  564 549 499 -1 
                  499 498 564 -1 
                  565 564 498 -1 
                  498 497 565 -1 
                  566 565 497 -1 
                  497 496 566 -1 
                  567 566 496 -1 
                  496 495 567 -1 
                  568 567 495 -1 
                  495 494 568 -1 
                  569 568 494 -1 
                  494 493 569 -1 
                  570 569 493 -1 
                  493 492 570 -1 
                  571 570 492 -1 
                  549 564 559 -1 
                  572 559 564 -1 
                  564 565 572 -1 
                  573 572 565 -1 
                  565 566 573 -1 
                  574 573 566 -1 
                  566 567 574 -1 
                  575 574 567 -1 
                  559 572 563 -1 
                  576 563 572 -1 
                  572 573 576 -1 
                  577 576 573 -1 
                  573 574 577 -1 
                  578 577 574 -1 
                  574 575 578 -1 
                  579 578 575 -1 
                  567 568 575 -1 
                  580 575 568 -1 
                  568 569 580 -1 
                  581 580 569 -1 
                  569 570 581 -1 
                  582 581 570 -1 
                  570 571 582 -1 
                  583 582 571 -1 
                  575 580 579 -1 
                  584 579 580 -1 
                  580 581 584 -1 
                  585 584 581 -1 
                  581 582 585 -1 
                  586 585 582 -1 
                  582 583 586 -1 
                  587 586 583 -1 
                  510 553 511 -1 
                  588 511 553 -1 
                  553 554 588 -1 
                  589 588 554 -1 
                  554 555 589 -1 
                  590 589 555 -1 
                  511 588 512 -1 
                  591 512 588 -1 
                  588 589 591 -1 
                  592 591 589 -1 
                  589 590 592 -1 
                  593 592 590 -1 
                  555 560 590 -1 
                  594 590 560 -1 
                  560 561 594 -1 
                  595 594 561 -1 
                  561 562 595 -1 
                  596 595 562 -1 
                  562 563 596 -1 
                  597 596 563 -1 
                  590 594 593 -1 
                  598 593 594 -1 
                  594 595 598 -1 
                  599 598 595 -1 
                  595 596 599 -1 
                  600 599 596 -1 
                  596 597 600 -1 
                  601 600 597 -1 
                  512 591 513 -1 
                  514 513 591 -1 
                  591 592 514 -1 
                  515 514 592 -1 
                  592 593 515 -1 
                  516 515 593 -1 
                  593 598 516 -1 
                  517 516 598 -1 
                  598 599 517 -1 
                  518 517 599 -1 
                  599 600 518 -1 
                  519 518 600 -1 
                  600 601 519 -1 
                  520 519 601 -1 
                  563 576 597 -1 
                  602 597 576 -1 
                  576 577 602 -1 
                  603 602 577 -1 
                  577 578 603 -1 
                  604 603 578 -1 
                  578 579 604 -1 
                  605 604 579 -1 
                  597 602 601 -1 
                  606 601 602 -1 
                  602 603 606 -1 
                  607 606 603 -1 
                  603 604 607 -1 
                  608 607 604 -1 
                  604 605 608 -1 
                  609 608 605 -1 
                  579 584 605 -1 
                  610 605 584 -1 
                  584 585 610 -1 
                  611 610 585 -1 
                  585 586 611 -1 
                  612 611 586 -1 
                  586 587 612 -1 
                  613 612 587 -1 
                  605 610 609 -1 
                  614 609 610 -1 
                  610 611 614 -1 
                  615 614 611 -1 
                  611 612 615 -1 
                  616 615 612 -1 
                  612 613 616 -1 
                  617 616 613 -1 
                  601 606 520 -1 
                  521 520 606 -1 
                  606 607 521 -1 
                  522 521 607 -1 
                  607 608 522 -1 
                  523 522 608 -1 
                  608 609 523 -1 
                  524 523 609 -1 
                  609 614 524 -1 
                  525 524 614 -1 
                  614 615 525 -1 
                  526 525 615 -1 
                  615 616 526 -1 
                  527 526 616 -1 
                  616 617 527 -1 
                  528 527 617 -1 
                  492 491 571 -1 
                  618 571 491 -1 
                  491 490 618 -1 
                  619 618 490 -1 
                  490 489 619 -1 
                  620 619 489 -1 
                  489 488 620 -1 
                  621 620 488 -1 
                  488 487 621 -1 
                  622 621 487 -1 
                  487 486 622 -1 
                  623 622 486 -1 
                  486 485 623 -1 
                  624 623 485 -1 
                  485 484 624 -1 
                  625 624 484 -1 
                  571 618 583 -1 
                  626 583 618 -1 
                  618 619 626 -1 
                  627 626 619 -1 
                  619 620 627 -1 
                  628 627 620 -1 
                  620 621 628 -1 
                  629 628 621 -1 
                  583 626 587 -1 
                  630 587 626 -1 
                  626 627 630 -1 
                  631 630 627 -1 
                  627 628 631 -1 
                  632 631 628 -1 
                  628 629 632 -1 
                  633 632 629 -1 
                  621 622 629 -1 
                  634 629 622 -1 
                  622 623 634 -1 
                  635 634 623 -1 
                  623 624 635 -1 
                  636 635 624 -1 
                  624 625 636 -1 
                  637 636 625 -1 
                  629 634 633 -1 
                  638 633 634 -1 
                  634 635 638 -1 
                  639 638 635 -1 
                  635 636 639 -1 
                  640 639 636 -1 
                  636 637 640 -1 
                  641 640 637 -1 
                  484 483 625 -1 
                  642 625 483 -1 
                  483 482 642 -1 
                  643 642 482 -1 
                  482 481 643 -1 
                  644 643 481 -1 
                  481 480 644 -1 
                  645 644 480 -1 
                  480 479 645 -1 
                  646 645 479 -1 
                  479 478 646 -1 
                  647 646 478 -1 
                  478 477 647 -1 
                  476 647 477 -1 
                  625 642 637 -1 
                  648 637 642 -1 
                  642 643 648 -1 
                  649 648 643 -1 
                  643 644 649 -1 
                  650 649 644 -1 
                  644 645 650 -1 
                  651 650 645 -1 
                  637 648 641 -1 
                  652 641 648 -1 
                  648 649 652 -1 
                  653 652 649 -1 
                  649 650 653 -1 
                  654 653 650 -1 
                  650 651 654 -1 
                  655 654 651 -1 
                  645 646 651 -1 
                  656 651 646 -1 
                  646 647 656 -1 
                  657 656 647 -1 
                  647 476 657 -1 
                  475 657 476 -1 
                  651 656 655 -1 
                  658 655 656 -1 
                  656 657 658 -1 
                  659 658 657 -1 
                  657 475 659 -1 
                  474 659 475 -1 
                  587 630 613 -1 
                  660 613 630 -1 
                  630 631 660 -1 
                  661 660 631 -1 
                  631 632 661 -1 
                  662 661 632 -1 
                  632 633 662 -1 
                  663 662 633 -1 
                  613 660 617 -1 
                  664 617 660 -1 
                  660 661 664 -1 
                  665 664 661 -1 
                  661 662 665 -1 
                  666 665 662 -1 
                  662 663 666 -1 
                  667 666 663 -1 
                  633 638 663 -1 
                  668 663 638 -1 
                  638 639 668 -1 
                  669 668 639 -1 
                  639 640 669 -1 
                  670 669 640 -1 
                  640 641 670 -1 
                  671 670 641 -1 
                  663 668 667 -1 
                  672 667 668 -1 
                  668 669 672 -1 
                  673 672 669 -1 
                  669 670 673 -1 
                  674 673 670 -1 
                  670 671 674 -1 
                  675 674 671 -1 
                  617 664 528 -1 
                  529 528 664 -1 
                  664 665 529 -1 
                  530 529 665 -1 
                  665 666 530 -1 
                  531 530 666 -1 
                  666 667 531 -1 
                  532 531 667 -1 
                  667 672 532 -1 
                  533 532 672 -1 
                  672 673 533 -1 
                  534 533 673 -1 
                  673 674 534 -1 
                  535 534 674 -1 
                  674 675 535 -1 
                  536 535 675 -1 
                  641 652 671 -1 
                  676 671 652 -1 
                  652 653 676 -1 
                  677 676 653 -1 
                  653 654 677 -1 
                  678 677 654 -1 
                  654 655 678 -1 
                  679 678 655 -1 
                  671 676 675 -1 
                  680 675 676 -1 
                  676 677 680 -1 
                  681 680 677 -1 
                  677 678 681 -1 
                  682 681 678 -1 
                  678 679 682 -1 
                  683 682 679 -1 
                  655 658 679 -1 
                  684 679 658 -1 
                  658 659 684 -1 
                  685 684 659 -1 
                  659 474 685 -1 
                  473 685 474 -1 
                  679 684 683 -1 
                  686 683 684 -1 
                  684 685 686 -1 
                  687 686 685 -1 
                  685 473 687 -1 
                  472 687 473 -1 
                  675 680 536 -1 
                  537 536 680 -1 
                  680 681 537 -1 
                  538 537 681 -1 
                  681 682 538 -1 
                  539 538 682 -1 
                  682 683 539 -1 
                  540 539 683 -1 
                  683 686 540 -1 
                  541 540 686 -1 
                  686 687 541 -1 
                  542 541 687 -1 
                  687 472 542 -1 
                  471 542 472 -1 
                  690 689 688 -1 
                  691 690 688 -1 
                  692 691 688 -1 
                  693 692 688 -1 
                  694 693 688 -1 
                  695 694 688 -1 
                  696 695 688 -1 
                  697 696 688 -1 
                  698 697 688 -1 
                  699 698 688 -1 
                  700 699 688 -1 
                  701 700 688 -1 
                  702 701 688 -1 
                  703 702 688 -1 
                  704 703 688 -1 
                  705 704 688 -1 
                  706 705 688 -1 
                  707 706 688 -1 
                  708 707 688 -1 
                  709 708 688 -1 
                  710 709 688 -1 
                  711 710 688 -1 
                  712 711 688 -1 
                  713 712 688 -1 
                  714 713 688 -1 
                  715 714 688 -1 
                  716 715 688 -1 
                  717 716 688 -1 
                  718 717 688 -1 
                  719 718 688 -1 
                  720 719 688 -1 
                  721 720 688 -1 
                  722 721 688 -1 
                  723 722 688 -1 
                  726 724 725 -1 
                  727 724 726 -1 
                  728 724 727 -1 
                  729 724 728 -1 
                  730 724 729 -1 
                  731 724 730 -1 
                  732 724 731 -1 
                  733 724 732 -1 
                  734 724 733 -1 
                  735 724 734 -1 
                  736 724 735 -1 
                  737 724 736 -1 
                  738 724 737 -1 
                  739 724 738 -1 
                  740 724 739 -1 
                  741 724 740 -1 
                  742 724 741 -1 
                  743 724 742 -1 
                  744 724 743 -1 
                  745 724 744 -1 
                  746 724 745 -1 
                  747 724 746 -1 
                  748 724 747 -1 
                  749 724 748 -1 
                  750 724 749 -1 
                  751 724 750 -1 
                  752 724 751 -1 
                  753 724 752 -1 
                  754 724 753 -1 
                  755 724 754 -1 
                  756 724 755 -1 
                  757 724 756 -1 
                  758 724 757 -1 
                  759 724 758 -1 
                ]
              }
            }
          ]
        }
      ]
    }
  ]
}
